Date,AAPL,BNDW,DAL,EEM,IAG,JPIE,MINT,MSFT,MU,SPCX,SPY,URTH,VGIT,VT,VTIP,WMT,XLF,XLV
2021-11-02,146.32518005371094,66.94963836669922,38.9865608215332,45.219966888427734,2.7799999713897705,38.760066986083984,83.80134582519531,319.71392822265625,69.09716796875,,433.08892822265625,124.48395538330078,57.64517593383789,97.818115234375,42.9715461730957,46.8809928894043,37.187686920166016,124.46893310546875
2021-11-03,147.75897216796875,66.87400817871094,39.807029724121094,45.433349609375,2.819999933242798,38.81314468383789,83.81781005859375,320.5488586425781,69.57563781738281,,435.73309326171875,125.34349060058594,57.55070495605469,98.47174835205078,42.97979736328125,47.025028228759766,37.32583236694336,125.20002746582031
2021-11-04,147.24200439453125,67.11774444580078,39.565711975097656,45.32666015625,2.8499999046325684,38.825462341308594,83.84253692626953,322.89068603515625,70.5423812866211,,437.7865295410156,125.6207504272461,57.74824905395508,98.6351318359375,43.07060623168945,47.36945343017578,36.83772659301758,124.33938598632812
2021-11-05,147.76947021484375,67.39510345458984,42.75104904174805,45.2733154296875,3.0299999713897705,38.860084533691406,83.85078430175781,322.52593994140625,71.20640563964844,,439.3054504394531,126.02742767333984,57.91146469116211,98.952880859375,43.087120056152344,47.040679931640625,36.85615158081055,122.95128631591797
2021-11-08,146.94895935058594,67.25223541259766,43.09854507446289,45.691192626953125,3.0799999237060547,38.871612548828125,83.85901641845703,323.41851806640625,72.80784606933594,,439.6804504394531,126.11058044433594,57.7310676574707,99.16170501708984,43.11189270019531,46.74009323120117,37.05875778198242,123.68235778808594
2021-11-09,147.31036376953125,67.46240234375,42.982704162597656,45.513362884521484,3.069999933242798,38.860084533691406,83.85078430175781,322.4203796386719,73.81365203857422,,438.2271728515625,125.73165893554688,57.89426803588867,98.88935089111328,43.194454193115234,46.90291213989258,36.85615158081055,123.22891235351562
2021-11-10,144.4874725341797,67.07569885253906,42.191200256347656,45.32666015625,3.1700000762939453,38.833160400390625,83.82605743408203,317.4776916503906,71.68489074707031,,434.7017517089844,124.4931869506836,57.481971740722656,97.9361343383789,43.21096420288086,46.480186462402344,36.791690826416016,123.58053588867188
2021-11-11,144.43861389160156,67.00849914550781,41.94022750854492,46.109073638916016,3.299999952316284,38.760066986083984,83.79312133789062,319.0421447753906,72.79811096191406,,434.84234619140625,124.76124572753906,57.370296478271484,98.2447738647461,43.21096420288086,46.49898147583008,36.89298629760742,123.21961975097656
2021-11-12,146.50946044921875,67.01690673828125,40.75297164916992,46.233551025390625,3.319999933242798,38.8177604675293,83.79312133789062,323.15936279296875,75.48347473144531,,438.12396240234375,125.72242736816406,57.46480941772461,98.89842224121094,43.26875305175781,46.267269134521484,36.975868225097656,123.83041381835938
2021-11-15,146.51919555664062,66.84037780761719,40.90741729736328,46.08240509033203,3.430000066757202,38.74468994140625,83.7601547241211,322.5355529785156,74.97569274902344,,438.2740478515625,125.6207504272461,57.34453201293945,98.84394836425781,43.343055725097656,46.0011100769043,36.975868225097656,123.06228637695312
2021-11-16,147.49598693847656,66.77314758300781,39.613975524902344,46.14463806152344,3.359999895095825,38.730838775634766,83.7601547241211,325.8370056152344,75.00497436523438,,440.00872802734375,125.92574310302734,57.32734680175781,99.01644897460938,43.392581939697266,44.83002853393555,36.939029693603516,123.58053588867188
2021-11-17,149.92825317382812,66.89922332763672,39.29543685913086,45.90457534790039,3.380000114440918,38.75238800048828,83.76838684082031,326.0581359863281,73.68671417236328,,438.93975830078125,125.59304809570312,57.45621109008789,98.65330505371094,43.433868408203125,44.44487380981445,36.51539993286133,123.7563705444336
2021-11-18,154.20660400390625,66.94963836669922,38.7259407043457,45.34444046020508,3.2899999618530273,38.75238800048828,83.76838684082031,328.1252746582031,75.21004486083984,,440.43060302734375,125.89803314208984,57.47338104248047,98.68962097167969,43.343055725097656,44.82689666748047,36.33121109008789,123.80265045166016
2021-11-19,156.82437133789062,67.16820526123047,38.310882568359375,45.2733154296875,3.1600000858306885,38.75623321533203,83.7601547241211,329.89453125,81.07880401611328,,439.64300537109375,125.34349060058594,57.50774383544922,98.2447738647461,43.2357177734375,44.58579635620117,35.93520736694336,123.05306243896484
2021-11-22,157.28347778320312,66.92440795898438,38.38810729980469,44.908775329589844,3.180000066757202,38.6723747253418,83.74369812011719,326.7407531738281,81.8893051147461,,438.4052429199219,124.69652557373047,57.224273681640625,97.68193054199219,43.11189270019531,45.33415222167969,36.44171905517578,122.49781799316406
2021-11-23,157.66444396972656,66.58820343017578,38.15644454956055,44.86431884765625,3.2100000381469727,38.633140563964844,83.71073150634766,324.673583984375,83.40289306640625,,438.9867248535156,124.70575714111328,57.12977981567383,97.66378784179688,43.14491271972656,45.65666961669922,37.01270294189453,122.62736511230469
2021-11-24,158.18212890625,66.73109436035156,38.310882568359375,44.80208969116211,3.200000047683716,38.57160568237305,83.7025146484375,324.894775390625,84.18408966064453,,440.1587219238281,124.7981948852539,57.18132400512695,97.7182388305664,43.202701568603516,45.88525390625,36.92982482910156,122.58111572265625
2021-11-26,153.17115783691406,67.15977478027344,35.11589813232422,43.299495697021484,3.0899999141693115,38.39851379394531,83.7025146484375,316.98175048828125,81.45964813232422,,430.34173583984375,121.997802734375,57.6623649597168,95.25802612304688,43.194454193115234,45.371734619140625,35.7049674987793,122.12763214111328
2021-11-29,156.5216064453125,67.10936737060547,34.98076248168945,43.46842956542969,3.119999885559082,38.49082565307617,83.76838684082031,323.6640930175781,84.11571502685547,,435.6205749511719,123.06990814208984,57.62799835205078,96.1023178100586,43.194454193115234,44.66093826293945,35.81548309326172,122.46076202392578
2021-11-30,161.46414184570312,67.25223541259766,34.9421501159668,43.42397689819336,3.0899999141693115,38.46390151977539,83.7601547241211,317.856689453125,82.0260238647461,,427.1444091796875,121.16596984863281,57.7568359375,94.65887451171875,43.02933120727539,44.03468322753906,34.95899963378906,120.0546646118164
2021-12-01,160.94647216796875,67.29011535644531,32.36492919921875,43.584007263183594,2.9800000190734863,38.48165512084961,83.76673889160156,317.36627197265625,83.14898681640625,,422.4000549316406,119.73345184326172,57.83506393432617,93.66026306152344,42.95502853393555,42.941890716552734,34.572208404541016,119.84184265136719
2021-12-02,159.9599151611328,67.33218383789062,35.36686325073242,44.117469787597656,2.890000104904175,38.558780670166016,83.72557067871094,316.7991027832031,80.9323501586914,,428.8695983886719,121.43400573730469,57.68031311035156,95.10372161865234,42.97979736328125,42.41896057128906,35.603660583496094,120.42486572265625
2021-12-03,158.0844268798828,67.53414916992188,34.729801177978516,43.49510192871094,2.869999885559082,38.597347259521484,83.71730041503906,310.56866455078125,79.70195007324219,,425.13800048828125,120.5190200805664,57.88666534423828,94.22312927246094,43.03758239746094,43.057743072509766,35.02347183227539,120.6469497680664
2021-12-06,161.4837188720703,67.42474365234375,36.81474685668945,43.83296203613281,2.940000057220459,38.527923583984375,83.72557067871094,313.6261901855469,80.5124282836914,,430.1729431152344,121.76673126220703,57.70611572265625,95.25802612304688,43.03758239746094,43.5242919921875,35.55760955810547,121.33177947998047
2021-12-07,167.20773315429688,67.23963928222656,36.71821975708008,44.52646255493164,3.009999990463257,38.713043212890625,83.67609405517578,322.01995849609375,83.8130111694336,,439.07098388671875,124.30833435058594,57.52556228637695,97.2280044555664,43.09537887573242,43.38338851928711,36.19306182861328,122.895751953125
2021-12-08,171.01719665527344,67.18074798583984,37.529029846191406,44.704280853271484,3.0899999141693115,38.70917892456055,83.67609405517578,322.0679626464844,83.9985580444336,,440.2337646484375,124.7334976196289,57.44820022583008,97.59115600585938,43.136661529541016,42.94502258300781,35.99966812133789,123.82115936279297
2021-12-09,170.50926208496094,67.24801635742188,37.162235260009766,44.49090576171875,2.950000047683716,38.68605041503906,83.6843490600586,320.2701110839844,82.93415832519531,,437.26141357421875,123.6613998413086,57.51698684692383,96.71963500976562,43.02106475830078,43.5423469543457,35.92599868774414,124.10804748535156
2021-12-10,175.28579711914062,67.23963928222656,36.85335159301758,44.52646255493164,2.9100000858306885,38.68989944458008,83.68024444580078,329.3464050292969,83.52984619140625,,441.3775939941406,124.38227844238281,57.5341682434082,97.20987701416016,43.02106475830078,44.33774185180664,35.96284103393555,124.54297637939453
2021-12-13,171.66189575195312,67.44158172607422,35.58887481689453,43.8203239440918,2.9200000762939453,38.65519332885742,83.6884536743164,326.3274230957031,82.36781311035156,,437.46771240234375,123.29788208007812,57.67173385620117,96.22940826416016,42.99631118774414,45.13628387451172,35.57604217529297,125.71827697753906
2021-12-14,170.28460693359375,67.33218383789062,35.26068115234375,43.72112274169922,2.8499999046325684,38.67448043823242,83.69671630859375,315.6933898925781,81.33269500732422,,434.4579162597656,122.31118774414062,57.62013626098633,95.6302490234375,42.913753509521484,45.56698226928711,35.78785705566406,125.20926666259766
2021-12-15,175.13929748535156,67.29853820800781,35.33790969848633,43.5948600769043,2.809999942779541,38.651336669921875,83.72140502929688,321.76031494140625,83.64702606201172,,441.2462463378906,124.17283630371094,57.55996322631836,96.837646484375,42.97979736328125,45.82792663574219,35.88915252685547,127.77268981933594
2021-12-16,168.2626495361328,67.29011535644531,34.55604553222656,43.64897537231445,2.9200000762939453,38.67448043823242,83.7049331665039,312.3858947753906,80.746826171875,,437.3551940917969,123.5771255493164,57.73191833496094,96.29295349121094,43.045841217041016,45.063968658447266,36.340423583984375,128.53152465820312
2021-12-17,167.16864013671875,67.3658218383789,35.28964614868164,43.43253707885742,2.940000057220459,38.6590461730957,83.72140502929688,311.3281555175781,81.04953002929688,,432.70037841796875,122.2646484375,57.78348922729492,95.4123764038086,42.99631118774414,43.620948791503906,35.5391960144043,127.63389587402344
2021-12-20,165.81088256835938,67.3405990600586,35.10624313354492,42.783206939697266,2.9700000286102295,38.70917892456055,83.7049331665039,307.5880432128906,80.1023178100586,,428.099365234375,121.24073028564453,57.79208755493164,94.53887939453125,43.00456619262695,43.762428283691406,34.84888458251953,126.8609619140625
2021-12-21,168.97572326660156,67.13865661621094,37.181541442871094,43.50468063354492,2.9600000381469727,38.79402160644531,83.71316528320312,314.6838073730469,88.54905700683594,,435.7019958496094,123.19550323486328,57.63734436035156,96.1395263671875,42.99631118774414,43.89445877075195,35.57065200805664,127.39051055908203
2021-12-22,171.564208984375,67.13023376464844,37.77034378051758,43.712100982666016,3.0799999237060547,38.82487487792969,83.69671630859375,320.3661804199219,88.21702575683594,,440.05841064453125,124.28455352783203,57.654518127441406,97.0267333984375,43.06235122680664,43.951053619384766,35.73722839355469,128.87684631347656
2021-12-23,172.18939208984375,67.02196502685547,37.93444061279297,43.93756103515625,3.140000104904175,38.84416580200195,83.6884536743164,321.7987365722656,92.20116424560547,,442.7965087890625,125.17816925048828,57.57579040527344,97.64871978759766,43.04385757446289,43.85358810424805,35.92230224609375,129.40640258789062
2021-12-27,176.14540100097656,67.0901870727539,37.644859313964844,44.13597106933594,3.119999885559082,38.83645248413086,83.68024444580078,329.2599182128906,92.21090698242188,,449.0630798339844,126.55579376220703,57.5671501159668,98.6822738647461,43.085899353027344,44.25285720825195,36.29243850708008,130.77197265625
2021-12-28,175.12953186035156,67.0645980834961,38.25297164916992,43.99167251586914,3.1500000953674316,38.855735778808594,83.68024444580078,328.1060485839844,90.75593566894531,,448.6961364746094,126.42544555664062,57.59309387207031,98.57250213623047,43.11113739013672,44.88791275024414,36.310943603515625,130.4282684326172
2021-12-29,175.21739196777344,66.77469635009766,37.79930114746094,43.793270111083984,3.0899999141693115,38.89043426513672,83.69671630859375,328.7791442871094,93.91001892089844,,449.2700500488281,126.50924682617188,57.45463562011719,98.60908508300781,43.18682098388672,44.86591339111328,36.26467514038086,131.1714324951172
2021-12-30,174.0648193359375,66.92817687988281,37.6834716796875,44.29496383666992,3.130000114440918,38.8958625793457,83.70329284667969,326.2504577636719,91.68358612060547,,448.02801513671875,126.32951354980469,57.5671501159668,98.52677917480469,43.228885650634766,45.010528564453125,36.19990158081055,131.44085693359375
2021-12-31,173.4494171142578,66.89405059814453,37.722084045410156,44.07840347290039,3.130000114440918,38.87650680541992,83.71978759765625,323.365966796875,91.05797576904297,,446.89898681640625,126.03144836425781,57.51521301269531,98.26152038574219,43.228885650634766,45.48838424682617,36.1351203918457,130.88345336914062
2022-01-03,177.78639221191406,66.62122344970703,38.89003372192383,44.39421081542969,3.0299999713897705,38.87650680541992,83.70329284667969,321.8564147949219,93.59960174560547,,449.48638916015625,126.71134185791016,57.22101974487305,98.82862091064453,43.20365524291992,45.4758186340332,36.57929611206055,129.53643798828125
2022-01-04,175.52996826171875,66.5700912475586,39.17961883544922,44.240821838378906,3.059999942779541,38.88039016723633,83.67857360839844,316.33758544921875,94.17633056640625,,449.3359680175781,126.71134185791016,57.238319396972656,98.86518859863281,43.18682098388672,44.6426887512207,37.54167175292969,127.82713317871094
2022-01-05,170.8609161376953,66.41659545898438,38.88037872314453,43.51896286010742,2.940000057220459,38.79135513305664,83.66209411621094,304.1940612792969,92.27992248535156,,440.7076416015625,124.58783721923828,57.047977447509766,97.18222045898438,43.060672760009766,45.24631118774414,37.106746673583984,126.91671752929688
2022-01-06,168.0086669921875,66.32283020019531,38.71628952026367,43.71747970581055,2.859999895095825,38.70235061645508,83.629150390625,301.7903137207031,93.50184631347656,,440.2937316894531,124.3550033569336,56.91817855834961,97.09075164794922,42.959747314453125,45.120567321777344,37.65270233154297,125.44893646240234
2022-01-07,168.17474365234375,66.21198272705078,40.0676383972168,44.114498138427734,2.7899999618530273,38.68220520019531,83.62090301513672,301.94415283203125,92.32878112792969,,438.5529479980469,124.04766845703125,56.805686950683594,96.95356750488281,42.942928314208984,45.551265716552734,38.09687805175781,124.80795288085938
2022-01-10,168.19430541992188,66.15231323242188,39.21821594238281,44.114498138427734,2.859999895095825,38.63653564453125,83.6126480102539,302.165283203125,91.78134155273438,,438.00726318359375,123.53543090820312,56.77108383178711,96.63343048095703,42.95133972167969,45.46323776245117,37.96733474731445,126.08992004394531
2022-01-11,171.01719665527344,66.22906494140625,39.79737091064453,45.134124755859375,2.950000047683716,38.62879180908203,83.629150390625,302.8479309082031,92.08439636230469,,441.9966735839844,124.8207015991211,56.848941802978516,97.74932098388672,43.10272216796875,45.3343391418457,38.30046463012695,127.09322357177734
2022-01-12,171.45680236816406,66.27168273925781,39.19892120361328,45.8830451965332,2.880000114440918,38.713932037353516,83.62090301513672,306.0111999511719,92.97396087646484,,443.1917419433594,125.37018585205078,56.86625289916992,98.28897094726562,42.99338912963867,45.095401763916016,38.32821273803711,126.73091888427734
2022-01-13,168.19430541992188,66.36544799804688,40.02904510498047,45.233375549316406,2.690000057220459,38.675235748291016,83.629150390625,293.0600280761719,93.47250366210938,,437.0850830078125,123.8520736694336,56.97007751464844,97.07246398925781,43.00179672241211,45.733612060546875,38.18016052246094,124.76148223876953
2022-01-14,169.05384826660156,66.12673950195312,38.90934371948242,45.21533203125,2.619999885559082,38.63653564453125,83.60441589355469,298.2520751953125,95.17342376708984,,437.263916015625,123.87071990966797,56.72780990600586,97.06332397460938,42.95133972167969,45.60470962524414,37.78226852416992,124.5478515625
2022-01-18,165.8597412109375,65.74309539794922,38.16608810424805,44.41226577758789,2.559999942779541,38.54364013671875,83.5714111328125,290.9927978515625,90.7842788696289,,429.5201416015625,121.64476013183594,56.41631317138672,95.39865112304688,42.85882568359375,44.80616760253906,36.940185546875,122.8013687133789
2022-01-19,162.37257385253906,65.83683013916016,37.47110366821289,44.601749420166016,2.7899999618530273,38.538238525390625,83.56316375732422,291.64666748046875,87.9787368774414,,425.0601806640625,120.76927947998047,56.52014923095703,94.85900115966797,42.833595275878906,45.252601623535156,36.320194244384766,122.2997055053711
2022-01-20,160.69248962402344,65.95623779296875,37.49041748046875,44.863426208496094,2.700000047683716,38.528160095214844,83.5714111328125,289.9833068847656,83.15946197509766,,420.3555908203125,119.642333984375,56.55476379394531,94.08155059814453,42.84200668334961,44.39747619628906,36.0888557434082,121.50077819824219
2022-01-21,158.64122009277344,66.143798828125,36.54446792602539,44.213748931884766,2.5799999237060547,38.50105667114258,83.5714111328125,284.6278991699219,80.0899658203125,,412.10369873046875,117.52815246582031,56.77973937988281,92.48089599609375,42.89247512817383,44.07365798950195,35.34858322143555,120.2745361328125
2022-01-24,157.86956787109375,66.0414810180664,36.59273147583008,43.591156005859375,2.509999990463257,38.52428436279297,83.60441589355469,284.9547119140625,81.08704376220703,,413.8537902832031,117.44432830810547,56.77973937988281,92.36199188232422,42.9765739440918,44.076812744140625,35.450374603271484,119.87506103515625
2022-01-25,156.072265625,65.95623779296875,37.37459182739258,43.50994110107422,2.549999952316284,38.5103645324707,83.5961685180664,277.37823486328125,78.90713500976562,,408.80108642578125,116.2801284790039,56.71916198730469,91.44734191894531,42.959747314453125,43.11792755126953,35.598426818847656,119.10403442382812
2022-01-26,155.98435974121094,65.6833724975586,37.41319274902344,42.95952606201172,2.4600000381469727,38.528926849365234,83.5384292602539,285.2816467285156,80.12906646728516,,407.7755126953125,115.87964630126953,56.442283630371094,91.03573608398438,42.84200668334961,42.67778778076172,35.69095993041992,118.48160552978516
2022-01-27,155.52525329589844,65.83683013916016,37.007789611816406,42.46324920654297,2.450000047683716,38.38494110107422,83.50547790527344,288.2911682128906,76.95206451416016,,405.7618713378906,115.26495361328125,56.49419021606445,90.3497543334961,42.816776275634766,42.70607376098633,35.36708450317383,118.7881851196289
2022-01-28,166.37747192382812,65.9220962524414,36.94987487792969,42.67078399658203,2.4700000286102295,38.38726043701172,83.5136947631836,296.3868408203125,77.48971557617188,,415.8392028808594,117.2953109741211,56.606666564941406,91.84062957763672,42.900882720947266,43.2342529296875,35.82976531982422,121.21279907226562
2022-01-31,170.72412109375,65.72601318359375,38.310882568359375,44.06937789916992,2.4200000762939453,38.39269256591797,83.5714111328125,299.0019226074219,80.4223403930664,,423.3289489746094,119.51195526123047,56.606666564941406,93.76142883300781,42.942928314208984,43.95418930053711,36.14438247680664,121.90951538085938
2022-02-01,170.55810546875,65.67993927001953,39.08308792114258,44.3400764465332,2.5299999713897705,38.48427200317383,83.55574798583984,296.8675537109375,79.62074279785156,,426.1893005371094,120.4898681640625,56.57463836669922,94.50228881835938,42.84200668334961,44.300018310546875,36.64406967163086,122.23468017578125
2022-02-02,171.75953674316406,65.77383422851562,39.11204147338867,44.267887115478516,2.5199999809265137,38.48039627075195,83.5722427368164,301.3865051269531,82.6120376586914,,430.3293762207031,121.4957504272461,56.6439094543457,95.06023406982422,42.89247512817383,44.28115463256836,36.89392852783203,123.87899017333984
2022-02-03,168.88778686523438,65.45797729492188,38.349483489990234,43.798683166503906,2.549999952316284,38.43460464477539,83.5392837524414,289.64678955078125,80.12906646728516,,420.2144775390625,118.87861633300781,56.50535202026367,93.22174835205078,42.78313064575195,44.32516098022461,36.48676300048828,123.3494873046875
2022-02-04,168.60415649414062,65.09944152832031,38.4653205871582,43.906959533691406,2.5299999713897705,38.38103103637695,83.4897689819336,294.15618896484375,79.34703826904297,,422.1903991699219,119.4188232421875,56.158897399902344,93.63335418701172,42.70743942260742,43.803287506103516,37.106746673583984,122.90353393554688
2022-02-07,167.89019775390625,65.07386779785156,39.51744842529297,43.81672668457031,2.690000057220459,38.27082824707031,83.46503448486328,289.3583679199219,79.05377197265625,,420.8354187011719,119.26978302001953,56.193546295166016,93.52359771728516,42.68220901489258,43.37257766723633,37.21780014038086,122.68987274169922
2022-02-08,170.9905548095703,64.88603210449219,41.12942886352539,44.240821838378906,2.75,38.336795806884766,83.44026184082031,292.82928466796875,82.23078918457031,,424.2980651855469,120.12664031982422,56.06361770629883,94.2370376586914,42.631744384765625,43.382022857666016,37.735992431640625,123.69315338134766
2022-02-09,172.4087371826172,64.94580841064453,42.35529708862305,44.93560791015625,2.690000057220459,38.294090270996094,83.40730285644531,299.22308349609375,86.14095306396484,,430.50811767578125,121.96141815185547,56.10692596435547,95.77365112304688,42.656978607177734,43.287696838378906,37.976585388183594,124.64999389648438
2022-02-10,168.340087890625,64.46773529052734,42.37459945678711,44.637847900390625,2.640000104904175,38.22890090942383,83.25060272216797,290.7333068847656,88.97582244873047,,422.7738342285156,120.06144714355469,55.61323547363281,94.39252471923828,42.55605697631836,42.78154373168945,37.64345932006836,122.69916534423828
2022-02-11,164.93650817871094,64.79212951660156,40.85915756225586,43.96110534667969,2.880000114440918,38.05735778808594,83.34960174560547,283.6759338378906,87.7441177368164,,414.4372253417969,117.947265625,56.01165771484375,92.75528717041016,42.79153823852539,42.545753479003906,37.11600875854492,120.99913787841797
2022-02-14,165.1712646484375,64.4165267944336,40.51165771484375,43.65431594848633,2.950000047683716,37.99139404296875,83.30011749267578,283.6376037597656,87.84185791015625,,413.08233642578125,117.45365142822266,55.74317169189453,92.28881072998047,42.82518005371094,42.111900329589844,36.6995964050293,119.76358795166016
2022-02-15,168.99542236328125,64.36528015136719,42.9441032409668,44.601749420166016,2.9700000286102295,38.03794860839844,83.28360748291016,288.8968200683594,93.84397888183594,,419.7439880371094,119.49332427978516,55.68254089355469,93.90777587890625,42.74108123779297,42.243934631347656,37.19927978515625,121.110595703125
2022-02-16,168.7606658935547,64.44214630126953,42.86687469482422,44.92658996582031,3.109999895095825,38.09618377685547,83.29186248779297,288.55963134765625,93.90262603759766,,420.2144775390625,119.70753479003906,55.80379867553711,94.19131469726562,42.78313064575195,41.97985076904297,37.22704315185547,121.2964096069336
2022-02-17,165.1712646484375,64.63846588134766,41.80509948730469,44.40324020385742,3.240000009536743,38.05735778808594,83.32484436035156,280.1100769042969,91.62496185302734,,411.2381286621094,117.3884506225586,55.98567581176758,92.37112426757812,42.875640869140625,43.661808013916016,36.30168914794922,119.34555053710938
2022-02-18,163.6259765625,64.74942016601562,41.35143280029297,43.96110534667969,3.1700000762939453,38.06513595581055,83.35784912109375,277.41229248046875,88.76077270507812,,408.57525634765625,116.5129623413086,56.05496597290039,91.72173309326172,42.900882720947266,43.382022857666016,36.29243850708008,118.45374298095703
2022-02-22,160.71139526367188,64.57868957519531,40.4344367980957,43.33849334716797,3.0899999141693115,38.04182815551758,83.3413314819336,277.2099304199219,88.5359115600586,,404.190673828125,115.125244140625,56.05496597290039,90.6332778930664,42.959747314453125,42.89785385131836,36.10737609863281,118.15646362304688
2022-02-23,156.55474853515625,64.42505645751953,38.79351043701172,42.83319854736328,3.140000104904175,37.995269775390625,83.30011749267578,270.03204345703125,85.34912872314453,,397.02081298828125,113.45812225341797,55.86441421508789,89.37107849121094,43.060672760009766,42.45772171020508,35.47812271118164,117.5619125366211
2022-02-24,159.1660919189453,64.49336242675781,38.928646087646484,41.94892501831055,3.0299999713897705,37.97585678100586,83.25060272216797,283.82891845703125,86.83499908447266,,402.99566650390625,114.01692962646484,55.97700881958008,89.74607849121094,43.19524002075195,42.29423522949219,35.05246353149414,118.03569793701172
2022-02-25,161.22976684570312,64.49336242675781,40.09660339355469,42.72491455078125,3.069999933242798,38.16215896606445,83.35784912109375,286.4496765136719,88.07647705078125,,411.8872985839844,116.68061065673828,55.95968246459961,91.73088073730469,43.12795639038086,42.8758430480957,36.18138885498047,121.6494140625
2022-02-28,161.49380493164062,64.95430755615234,38.53289031982422,42.16548156738281,2.9100000858306885,38.103946685791016,83.32484436035156,287.87554931640625,86.86431121826172,,410.83349609375,116.02867126464844,56.349430084228516,91.1637954711914,43.3970832824707,42.49230194091797,35.64468765258789,120.72975158691406
2022-03-01,159.61599731445312,65.49612426757812,36.33210372924805,41.606040954589844,3.190000057220459,38.01368713378906,83.36280059814453,284.17578125,84.3227310180664,,404.576416015625,114.1473159790039,56.77334976196289,89.64546203613281,43.64097595214844,42.75324249267578,34.33068084716797,120.06086730957031
2022-03-02,162.90219116210938,64.89794158935547,36.71821975708008,41.678226470947266,3.2200000286102295,38.14206314086914,83.30504608154297,289.2244567871094,91.20462036132812,,412.0190734863281,116.02867126464844,56.20120620727539,90.98086547851562,43.54005432128906,42.80668640136719,35.21902847290039,121.87236785888672
2022-03-03,162.57945251464844,64.89794158935547,35.28964614868164,41.09172439575195,3.25,38.044803619384766,83.27202606201172,285.11041259765625,87.1771469116211,,409.96783447265625,114.78063201904297,56.322566986083984,90.02960968017578,43.430728912353516,43.79071044921875,35.10798645019531,122.49478149414062
2022-03-04,159.58663940429688,65.22266387939453,33.32052993774414,40.2615852355957,3.3299999237060547,37.908668518066406,83.2802734375,279.2716979980469,80.07042694091797,,406.63702392578125,113.24390411376953,56.669334411621094,88.71250915527344,43.59051513671875,44.90049362182617,34.45098114013672,123.10791778564453
2022-03-07,155.80162048339844,64.85518646240234,29.06376075744629,38.75471115112305,3.359999895095825,37.82152557373047,83.2637939453125,268.72174072265625,73.99988555908203,,394.6496276855469,109.85375213623047,56.487281799316406,85.88623046875,43.708274841308594,44.538944244384766,33.19248962402344,120.96199798583984
2022-03-08,153.9824981689453,64.49625396728516,30.13519287109375,38.88103485107422,3.4100000858306885,37.753089904785156,83.18952178955078,265.77362060546875,75.42708587646484,,391.657470703125,109.4812240600586,56.20120620727539,85.79475402832031,43.7923583984375,43.617801666259766,32.998172760009766,118.49091339111328
2022-03-09,159.3714599609375,64.2911605834961,31.621679306030273,39.98186111450195,3.4200000762939453,37.82310485839844,83.12350463867188,277.9614562988281,77.6558837890625,,402.158203125,112.85273742675781,56.01917266845703,88.38323211669922,43.59051513671875,43.844154357910156,34.21038055419922,120.72975158691406
2022-03-10,155.0387725830078,63.96642303466797,31.41897964477539,39.23293685913086,3.4700000286102295,37.74529266357422,83.00799560546875,275.1576843261719,74.0194320678711,,400.34222412109375,112.16352081298828,55.82844161987305,87.69725036621094,43.68303298950195,44.840763092041016,33.92353820800781,120.68328857421875
2022-03-11,151.33203125,64.00060272216797,30.955656051635742,38.41182327270508,3.390000104904175,37.61304473876953,83.04924011230469,269.83941650390625,71.18455505371094,,395.25189208984375,110.73854064941406,55.78509521484375,86.58135986328125,43.82600021362305,44.66470718383789,33.68293380737305,119.78218841552734
2022-03-14,147.31228637695312,63.453651428222656,30.955656051635742,37.4824333190918,3.1500000953674316,37.442684173583984,82.80171203613281,266.34197998046875,67.84137725830078,,392.3633117675781,110.3008041381836,55.32563018798828,86.04173278808594,43.6241569519043,45.28718566894531,34.10860824584961,120.62754821777344
2022-03-15,151.68408203125,63.61603546142578,33.64871597290039,37.53657150268555,3.1700000762939453,37.432579040527344,82.92549133300781,276.66070556640625,71.46804809570312,,400.9914855957031,112.38705444335938,55.31697082519531,87.40453338623047,43.52323913574219,45.83106994628906,34.58978271484375,123.0335922241211
2022-03-16,156.0852508544922,63.598941802978516,35.64678955078125,40.55934524536133,3.1600000858306885,37.62083053588867,82.9089584350586,283.6363220214844,77.88072204589844,,409.8831481933594,115.33014678955078,55.19559860229492,90.17595672607422,43.32979965209961,45.695899963378906,35.56140899658203,124.51065063476562
2022-03-17,157.09263610839844,63.72713851928711,35.85914611816406,40.3518180847168,3.380000114440918,37.69083786010742,82.84293365478516,284.4360046386719,78.71163940429688,,415.01116943359375,116.54090881347656,55.14358901977539,91.1180648803711,43.66621017456055,45.765316009521484,36.005577087402344,126.4801025390625
2022-03-18,160.37884521484375,63.804054260253906,36.3707275390625,40.92930603027344,3.2899999618530273,37.76240539550781,82.86772155761719,289.45556640625,77.6265640258789,,419.55670166015625,118.04039764404297,55.23894500732422,92.08758544921875,43.58210754394531,45.901031494140625,36.0888557434082,127.26043701171875
2022-03-21,161.7481231689453,63.359642028808594,34.83597183227539,40.29767608642578,3.380000114440918,37.62473678588867,82.76045227050781,288.2320556640625,76.59037017822266,,419.4339904785156,117.9193115234375,54.71012878417969,91.85560607910156,43.4727783203125,45.5191535949707,36.053558349609375,127.16354370117188
2022-03-22,165.11256408691406,63.16312026977539,35.69504928588867,41.02855682373047,3.380000114440918,37.55937576293945,82.75220489501953,292.9530334472656,77.34308624267578,,424.34197998046875,119.28841400146484,54.5367431640625,92.9009780883789,43.38867950439453,45.383445739746094,36.6388053894043,127.19145965576172
2022-03-23,166.47206115722656,63.351104736328125,34.961456298828125,40.75785827636719,3.4600000381469727,37.546165466308594,82.78522491455078,288.5499267578125,73.95099639892578,,418.87713623046875,117.80755615234375,54.73613739013672,91.76388549804688,43.6241569519043,44.79958724975586,35.960655212402344,124.90839385986328
2022-03-24,170.24728393554688,63.299842834472656,35.9653205871582,40.97441482543945,3.4600000381469727,37.562477111816406,82.78522491455078,292.99151611328125,76.4535140991211,,425.19140625,119.26049041748047,54.57142639160156,92.80010223388672,43.54005432128906,45.077308654785156,36.248653411865234,126.39940643310547
2022-03-25,170.8829803466797,62.90669631958008,36.59273147583008,40.64958572387695,3.5,37.189083099365234,82.66142272949219,292.5870056152344,76.3459701538086,,427.2679138183594,119.62370300292969,54.120643615722656,93.0110092163086,43.38867950439453,45.27297592163086,36.713130950927734,126.98645782470703
2022-03-28,171.74368286132812,62.93233871459961,37.007789611816406,40.78493118286133,3.4000000953674316,37.17506790161133,82.5706558227539,299.3504943847656,78.06647491455078,,430.3070983886719,120.1545639038086,54.16399002075195,93.31362915039062,43.27093505859375,46.0777587890625,36.61094665527344,127.90898895263672
2022-03-29,175.02989196777344,63.07765197753906,38.146793365478516,41.47972106933594,3.430000066757202,37.33300018310547,82.6036605834961,303.888427734375,80.20726776123047,,435.6302490234375,122.01727294921875,54.354698181152344,94.8266830444336,43.12795639038086,46.4659538269043,36.69454574584961,128.66380310058594
2022-03-30,173.86602783203125,63.137454986572266,37.96339797973633,41.36241149902344,3.4800000190734863,37.3454475402832,82.66968536376953,302.39501953125,77.38217163085938,,432.94049072265625,121.24427032470703,54.484737396240234,94.30397033691406,43.22046661376953,47.29914093017578,36.434444427490234,128.91543579101562
2022-03-31,170.77542114257812,63.351104736328125,38.19505310058594,40.73981857299805,3.4800000190734863,37.3353271484375,82.64493560791016,297.0477600097656,76.14070892333984,,426.27685546875,119.36293029785156,54.5367431640625,92.88262939453125,43.06907653808594,46.99931716918945,35.59835433959961,127.65742492675781
2022-04-01,170.48199462890625,63.17227554321289,37.944095611572266,41.41655731201172,3.640000104904175,37.391510009765625,82.57392120361328,298.11724853515625,74.4691162109375,,427.4850158691406,119.96830749511719,54.19655990600586,93.47866821289062,42.913700103759766,47.65892791748047,35.50546646118164,128.66380310058594
2022-04-04,174.52130126953125,63.266380310058594,38.03096008300781,42.147438049316406,3.619999885559082,37.76836395263672,82.59044647216797,303.4645690917969,75.9256362915039,,431.1470642089844,120.82516479492188,54.239959716796875,94.23978424072266,42.92218780517578,47.668392181396484,35.3475341796875,127.59219360351562
2022-04-05,171.21554565429688,62.70166015625,37.67381286621094,41.371437072753906,3.4700000286102295,37.66928482055664,82.56565856933594,299.52386474609375,72.93435668945312,,425.701171875,119.22320556640625,53.78867721557617,92.88262939453125,42.8372802734375,47.804100036621094,35.12458801269531,127.86245727539062
2022-04-06,168.0564727783203,62.590431213378906,36.28385543823242,40.83004379272461,3.430000066757202,37.594364166259766,82.57392120361328,288.55963134765625,72.12300109863281,,421.44439697265625,117.9193115234375,53.771324157714844,91.84644317626953,42.78632736206055,48.91501235961914,34.883056640625,129.81005859375
2022-04-07,168.35968017578125,62.4363899230957,35.839839935302734,40.505210876464844,3.4600000381469727,37.505428314208984,82.57392120361328,290.36126708984375,71.63423156738281,,423.56805419921875,118.43156433105469,53.76264190673828,92.05733489990234,42.8372802734375,49.404197692871094,34.84587860107422,132.3074493408203
2022-04-08,166.3546905517578,62.18825912475586,35.46338653564453,40.54130554199219,3.5199999809265137,37.446903228759766,82.5326156616211,286.1220397949219,70.61620330810547,,422.4354248046875,118.08696746826172,53.57172393798828,91.8372573852539,42.905208587646484,49.67877960205078,35.19890594482422,133.0995635986328
2022-04-11,162.11000061035156,61.85456085205078,36.88230514526367,40.03600311279297,3.559999942779541,37.32207489013672,82.5161361694336,274.8398132324219,70.50852966308594,,415.2150573730469,116.31739044189453,53.48492431640625,90.55345916748047,42.93917465209961,48.694095611572266,35.04096984863281,130.45303344726562
2022-04-12,163.97802734375,62.03425598144531,37.27805709838867,39.90967559814453,3.619999885559082,37.38371276855469,82.61520385742188,271.7567138671875,70.44001007080078,,413.6766052246094,115.7864990234375,53.76264190673828,90.17748260498047,42.99861145019531,48.35956954956055,34.660099029541016,129.18569946289062
2022-04-13,166.65786743164062,62.08561325073242,39.59467315673828,40.43302917480469,3.700000047683716,37.505428314208984,82.63998413085938,277.1135559082031,70.85112762451172,,418.4146728515625,117.24873352050781,53.823387145996094,91.28705596923828,42.9901237487793,49.61880874633789,34.660099029541016,129.81936645507812
2022-04-14,161.66009521484375,61.76901626586914,40.88810348510742,39.90967559814453,3.7100000381469727,37.510902404785156,82.5408706665039,269.60809326171875,68.64864349365234,,413.2046813964844,116.05661010742188,53.48492431640625,90.41590881347656,43.015594482421875,49.574623107910156,34.26992416381836,129.19500732421875
2022-04-18,161.4449462890625,61.657772064208984,40.666099548339844,39.774330139160156,3.4100000858306885,37.47813034057617,82.55740356445312,270.27294921875,69.64710998535156,,413.3746032714844,115.66545104980469,53.42417907714844,90.1591567993164,43.00710678100586,49.19590377807617,34.47429656982422,127.76924133300781
2022-04-19,163.72373962402344,61.4182014465332,41.54447555541992,39.5758171081543,3.319999933242798,37.40399932861328,82.4996109008789,274.8782653808594,71.19375610351562,,420.04754638671875,117.10903930664062,53.111778259277344,91.1861801147461,42.913700103759766,49.754512786865234,34.94807815551758,128.989990234375
2022-04-20,163.55751037597656,61.6320915222168,42.0271110534668,39.34121322631836,3.299999952316284,37.428955078125,82.48308563232422,275.89959716796875,71.65380096435547,,419.73602294921875,117.27667999267578,53.33739471435547,91.25955200195312,42.99861145019531,50.3794059753418,35.18960952758789,130.72329711914062
2022-04-21,162.76528930664062,61.39250564575195,43.175758361816406,38.5832633972168,3.190000057220459,37.3571891784668,82.44180297851562,270.5523986816406,69.42196655273438,,413.4595031738281,115.5257339477539,53.12044143676758,89.86570739746094,43.100502014160156,50.455142974853516,34.63222885131836,129.27883911132812
2022-04-22,158.23692321777344,61.264183044433594,42.17189407348633,38.24038314819336,3.119999885559082,37.2713508605957,82.42529296875,264.0200500488281,67.9438705444336,,402.11456298828125,112.67578125,53.155155181884766,87.82997131347656,43.058040618896484,49.505184173583984,33.60105895996094,124.56361389160156
2022-04-25,159.3030242919922,61.66633605957031,41.76648712158203,37.960662841796875,2.9600000381469727,37.21672821044922,82.45008850097656,270.46563720703125,68.63887023925781,,404.44580078125,112.94586181640625,53.37211227416992,87.93084716796875,43.032569885253906,49.53043746948242,33.656795501708984,125.40230560302734
2022-04-26,153.3565673828125,61.73480224609375,40.444095611572266,37.130531311035156,2.8299999237060547,37.28305435180664,82.45831298828125,260.34918212890625,65.66307830810547,,392.7326965332031,109.90963745117188,53.64114761352539,85.52831268310547,43.08351516723633,49.012855529785156,32.811424255371094,123.1937255859375
2022-04-27,153.13156127929688,61.529441833496094,41.61204528808594,37.56364059448242,2.799999952316284,37.27525329589844,82.5161361694336,272.8743591308594,65.06595611572266,,393.8370056152344,110.3194351196289,53.49360656738281,85.84925079345703,43.100502014160156,48.67831802368164,32.78356170654297,122.92349243164062
2022-04-28,160.0463409423828,61.49520492553711,42.7896614074707,38.105037689208984,2.9000000953674316,37.325965881347656,82.50785064697266,279.0501708984375,68.69760131835938,,403.7851257324219,112.69439697265625,53.37211227416992,87.62821960449219,43.202388763427734,49.300048828125,33.20160675048828,124.61949157714844
2022-04-29,154.18785095214844,61.110164642333984,41.53482437133789,38.24038314819336,2.819999933242798,37.173831939697266,82.36749267578125,267.3825378417969,66.74964904785156,,388.8630065917969,109.36013793945312,53.189857482910156,85.36324310302734,43.02408218383789,48.28382110595703,32.058963775634766,121.4138412475586
2022-05-02,154.49105834960938,60.88741683959961,41.187339782714844,38.18624496459961,2.7799999713897705,37.133155822753906,82.36665344238281,274.07867431640625,69.10873413085938,,391.2037353515625,109.75130462646484,52.95964431762695,85.63833618164062,42.81180191040039,47.965065002441406,32.068260192871094,120.65902709960938
2022-05-03,155.9776611328125,61.05017852783203,41.84371566772461,38.46596908569336,2.7899999618530273,37.085411071777344,82.36665344238281,271.4869079589844,69.75479125976562,,392.99700927734375,110.33806610107422,52.96833801269531,86.09684753417969,42.8372802734375,48.13232421875,32.486289978027344,121.0411148071289
2022-05-04,162.37408447265625,61.238670349121094,42.32633590698242,38.88103485107422,2.140000104904175,37.17618179321289,82.46585083007812,279.38739013671875,72.06494140625,,404.96490478515625,113.18801879882812,53.26371383666992,88.16009521484375,43.015594482421875,48.79824447631836,33.48029708862305,123.72489166259766
2022-05-05,153.32720947265625,60.82746124267578,40.666099548339844,37.44633865356445,2.0799999237060547,37.12921905517578,82.39144897460938,267.21881103515625,69.78414916992188,,390.5712890625,109.06210327148438,52.942264556884766,85.15235137939453,42.84577178955078,48.38014221191406,32.50487518310547,121.32068634033203
2022-05-06,154.052001953125,60.527618408203125,39.57537078857422,36.93201446533203,2.109999895095825,37.015743255615234,82.38319396972656,264.6944580078125,68.86400604248047,,388.2400207519531,108.35426330566406,52.777217864990234,84.30870819091797,42.905208587646484,47.37287521362305,32.27263259887695,120.93860626220703
2022-05-09,148.93914794921875,60.698936462402344,36.920921325683594,35.86728286743164,2.0899999141693115,36.857666015625,82.41626739501953,254.91517639160156,66.49513244628906,,375.8096923828125,104.8430404663086,53.09864044189453,81.51187896728516,42.80331039428711,47.92719268798828,31.50157356262207,117.80750274658203
2022-05-10,151.33885192871094,60.981685638427734,37.33597946166992,36.03872299194336,2.0899999141693115,36.86315155029297,82.39144897460938,259.6554260253906,67.45442962646484,,376.6780090332031,105.08518981933594,53.176841735839844,81.79613494873047,42.658973693847656,47.25251388549805,31.22287940979004,118.22685241699219
2022-05-11,143.4932098388672,61.14445114135742,36.57342529296875,35.78607177734375,2.109999895095825,36.835758209228516,82.39144897460938,251.03240966796875,65.5456314086914,,370.6940002441406,103.69746398925781,53.32453155517578,80.7507553100586,42.8372802734375,46.75838851928711,30.934904098510742,117.44407653808594
2022-05-12,139.6341094970703,61.38433074951172,35.39582443237305,35.55146408081055,2.049999952316284,36.8459358215332,82.41626739501953,246.0223846435547,66.27977752685547,,370.3070373535156,103.66022491455078,53.463539123535156,80.63156127929688,42.82029724121094,46.714046478271484,30.702661514282227,118.58094787597656
2022-05-13,144.0907440185547,61.170135498046875,36.998146057128906,36.534996032714844,2.180000066757202,36.76219940185547,82.42451477050781,251.58160400390625,70.40084075927734,,379.16033935546875,106.32391357421875,53.28978729248047,82.85984802246094,42.9731330871582,46.89458465576172,31.1485652923584,119.8389892578125
2022-05-16,142.55294799804688,61.247230529785156,36.84369659423828,36.390625,2.180000066757202,36.76923370361328,82.42451477050781,251.94776916503906,68.98148345947266,,377.62176513671875,106.00724029541016,53.44614028930664,82.59392547607422,43.058040618896484,46.94527053833008,30.88845443725586,120.72428131103516
2022-05-17,146.17703247070312,60.87885665893555,39.30509567260742,37.2839241027832,2.0999999046325684,36.71915054321289,82.39973449707031,257.07330322265625,72.90679168701172,,385.3896484375,108.15867614746094,53.13338851928711,84.29954528808594,42.95615005493164,41.60489273071289,31.715238571166992,122.38301086425781
2022-05-18,137.9298553466797,61.03305435180664,37.944095611572266,36.390625,2.0799999237060547,36.56968307495117,82.33357238769531,245.36891174316406,69.54923248291016,,369.8539733886719,104.34943389892578,53.341896057128906,81.49352264404297,43.04105758666992,38.77949523925781,30.84200096130371,119.22395324707031
2022-05-19,134.5310516357422,61.14445114135742,37.87651824951172,36.96811294555664,2.2799999713897705,36.583763122558594,82.35009765625,244.4611358642578,67.93408203125,,367.5887145996094,104.30284881591797,53.48090362548828,81.70442962646484,43.04105758666992,37.71522521972656,30.637630462646484,119.48487091064453
2022-05-20,134.76612854003906,61.255821228027344,37.29736328125,37.12150955200195,2.2200000286102295,36.613502502441406,82.39144897460938,243.90101623535156,67.44464111328125,,367.7492370605469,104.61019897460938,53.63727569580078,81.93367767333984,43.058040618896484,37.75639724731445,30.581886291503906,120.93860626220703
2022-05-23,140.1728515625,61.05017852783203,38.146793365478516,37.401222229003906,2.240000009536743,36.57514572143555,82.34185791015625,251.71368408203125,68.12005615234375,,374.6298828125,106.4077377319336,53.428768157958984,83.21746826171875,43.02408218383789,38.833351135253906,31.575891494750977,122.00093078613281
2022-05-24,137.47926330566406,61.350032806396484,35.92670440673828,36.75155258178711,2.309999942779541,36.66360092163086,82.36665344238281,250.718994140625,65.21280670166016,,371.7700500488281,105.64401245117188,53.75889587402344,82.51139068603516,43.10898971557617,39.31797409057617,31.510862350463867,122.36437225341797
2022-05-25,137.63601684570312,61.57278060913086,37.25875473022461,36.93201446533203,2.2899999618530273,36.89052200317383,82.41626739501953,253.51953125,66.43640899658203,,375.05450439453125,106.42635345458984,53.880531311035156,83.0982894897461,43.15993118286133,39.077239990234375,31.761682510375977,122.32709503173828
2022-05-26,140.82907104492188,61.48710250854492,39.411277770996094,37.50950622558594,2.299999952316284,37.110443115234375,82.42451477050781,256.7836608886719,69.10873413085938,,382.54864501953125,108.28907012939453,53.84579086303711,84.50126647949219,43.29580307006836,39.91028594970703,32.49558639526367,122.84893798828125
2022-05-27,146.56881713867188,61.63277053833008,40.76262664794922,37.9426155090332,2.259999990463257,37.23877716064453,82.42451477050781,263.8719787597656,71.77128601074219,,391.9399719238281,110.52432250976562,53.83710479736328,86.20689392089844,43.35523223876953,40.69581985473633,33.04368209838867,124.88975524902344
2022-05-31,145.7852325439453,61.161582946777344,40.241390228271484,38.47499084472656,2.200000047683716,37.13471221923828,82.36665344238281,262.5490417480469,72.28028106689453,,389.74072265625,109.84444427490234,53.541709899902344,85.78507232666016,43.25334167480469,40.74333953857422,32.950782775878906,123.22168731689453
2022-06-01,145.65789794921875,61.00715637207031,38.16608810424805,38.20429229736328,2.2200000286102295,37.07819747924805,82.33522033691406,263.0801696777344,71.99641418457031,,386.58831787109375,108.97827911376953,53.300785064697266,85.14317321777344,43.11748123168945,39.7360725402832,32.42125701904297,121.45113372802734
2022-06-02,148.10659790039062,60.929935455322266,38.6004524230957,38.86298751831055,2.4000000953674316,37.058589935302734,82.35176849365234,265.16607666015625,73.77798461914062,,393.9502868652344,111.18560028076172,53.34426498413086,86.86713409423828,43.21088409423828,40.388572692871094,32.86717224121094,122.41095733642578
2022-06-03,142.39625549316406,60.81840896606445,37.20083999633789,38.231361389160156,2.299999952316284,36.98246383666992,82.31867218017578,260.7624206542969,68.46268463134766,,387.4849548339844,109.35082244873047,53.274681091308594,85.4732894897461,43.2618293762207,39.69490432739258,32.39339065551758,120.97587585449219
2022-06-06,143.14060974121094,60.50955581665039,37.644859313964844,38.43888854980469,2.180000066757202,36.901615142822266,82.33522033691406,259.53594970703125,68.9619140625,,388.664794921875,109.74198913574219,53.01375198364258,85.80342864990234,43.193904876708984,39.55236053466797,32.486289978027344,120.99449157714844
2022-06-07,145.65789794921875,60.681156158447266,38.3591423034668,38.55618667602539,2.2200000286102295,36.95655822753906,82.33522033691406,263.15740966796875,69.26536560058594,,392.3929748535156,110.65470886230469,53.15292739868164,86.43612670898438,43.21937942504883,39.077239990234375,32.73711395263672,122.5693588256836
2022-06-08,144.92327880859375,60.47526168823242,36.891963958740234,38.76373291015625,2.25,36.827049255371094,82.31867218017578,261.1390686035156,67.15098571777344,,388.12677001953125,109.3880844116211,53.02245330810547,85.58334350585938,43.227867126464844,38.738319396972656,32.16114807128906,121.60023498535156
2022-06-09,139.7124481201172,60.21784973144531,35.47303771972656,37.84646224975586,2.1600000858306885,36.70149230957031,82.28557586669922,255.71170043945312,64.62548828125,,378.89599609375,106.8394546508789,52.98766326904297,83.64845275878906,43.24485397338867,38.332889556884766,31.352941513061523,118.85120391845703
2022-06-10,134.3155517578125,59.83179473876953,33.89967727661133,37.4278678894043,2.319999933242798,36.4738883972168,82.1945571899414,244.31625366210938,61.29730224609375,,367.90966796875,103.8051528930664,52.5440673828125,81.45685577392578,43.202388763427734,38.548274993896484,30.21959114074707,116.94085693359375
2022-06-13,129.17327880859375,58.896629333496094,31.090787887573242,36.11747741699219,2.049999952316284,35.88528823852539,82.07874298095703,233.9541778564453,57.59714126586914,,353.94073486328125,99.8126449584961,51.86563491821289,78.42157745361328,42.92218780517578,37.82291793823242,29.318479537963867,113.39974212646484
2022-06-14,130.03526306152344,58.62213134765625,30.289630889892578,36.61797332763672,1.9800000190734863,35.7565803527832,81.95462036132812,236.1077117919922,57.46009063720703,,352.874267578125,99.31475830078125,51.613399505615234,78.17399597167969,42.49763488769531,37.83876419067383,29.067655563354492,112.31876373291016
2022-06-15,132.65045166015625,59.35991668701172,30.8494815826416,37.10026931762695,2.009999990463257,35.902557373046875,81.91323852539062,243.12844848632812,57.871212005615234,,357.90496826171875,100.95873260498047,52.143951416015625,79.41192626953125,42.7778434753418,37.81341552734375,29.39280128479004,113.45565032958984
2022-06-16,127.39067077636719,59.196895599365234,28.55217933654785,35.96278381347656,2.049999952316284,35.818572998046875,81.97944641113281,236.57125854492188,53.84804916381836,,346.05975341796875,97.9338150024414,52.3701057434082,76.91770935058594,42.709903717041016,38.2061882019043,28.649616241455078,111.78759002685547
2022-06-17,128.85989379882812,59.40281295776367,29.20854949951172,36.09927749633789,1.9900000095367432,35.847625732421875,81.92980194091797,239.1593780517578,54.5723991394043,,346.80572509765625,98.01835632324219,52.300540924072266,77.00025177001953,42.64198684692383,37.46816635131836,28.733226776123047,111.72238159179688
2022-06-21,133.08140563964844,59.0682373046875,29.005847930908203,36.68167495727539,2.0,35.806819915771484,81.97944641113281,245.0406036376953,55.60022735595703,,355.5361022949219,100.056884765625,52.187461853027344,78.61466217041016,42.59103775024414,38.69713592529297,29.306657791137695,114.73004913330078
2022-06-22,132.57208251953125,59.471466064453125,28.95758628845215,36.02648162841797,1.8899999856948853,35.78719711303711,81.95462036132812,244.4514923095703,55.149940490722656,,354.8914794921875,99.72808837890625,52.631038665771484,78.17134094238281,42.667449951171875,38.22836685180664,29.24128532409668,116.32091522216797
2022-06-23,135.4321746826172,59.891815185546875,28.53287124633789,36.13567352294922,1.8300000429153442,35.909629821777344,81.98771667480469,249.98504638671875,55.03247833251953,,358.370361328125,100.34810638427734,52.84848403930664,78.64236450195312,42.73538589477539,39.15642547607422,29.129215240478516,118.93182373046875
2022-06-24,138.75254821777344,59.74599075317383,30.115886688232422,36.9910774230957,1.8799999952316284,36.03832244873047,82.0042495727539,258.52191162109375,57.20558547973633,,369.7643737792969,103.39179992675781,52.75281524658203,81.00670623779297,42.8372802734375,39.1880989074707,30.203229904174805,120.9063949584961
2022-06-27,138.75254821777344,59.50576400756836,29.38229751586914,37.03657150268555,1.8899999856948853,36.02106475830078,81.98771667480469,255.80831909179688,57.53839874267578,,368.3519592285156,103.13816833496094,52.57014846801758,80.80350494384766,42.6844367980957,39.314796447753906,30.100500106811523,121.3555679321289
2022-06-28,134.61923217773438,59.471466064453125,29.276121139526367,36.80907440185547,1.7999999523162842,35.799747467041016,81.962890625,247.6866455078125,56.63783645629883,,360.8255310058594,101.39086151123047,52.57014846801758,79.65828704833984,42.63349914550781,38.760501861572266,29.801645278930664,119.24064636230469
2022-06-29,136.37245178222656,59.81462097167969,28.610095977783203,36.66347122192383,1.7200000286102295,35.765987396240234,81.98771667480469,251.33702087402344,54.836700439453125,,360.5316162109375,101.21236419677734,52.8571891784668,79.41815185546875,42.57405471801758,38.617958068847656,29.633535385131836,120.27938842773438
2022-06-30,133.91395568847656,60.192115783691406,27.9633731842041,36.49057388305664,1.6100000143051147,35.99280548095703,82.0042495727539,248.02462768554688,54.11233139038086,,357.6025695800781,100.40447998046875,53.1964111328125,78.81783294677734,42.55707550048828,38.51026153564453,29.372037887573242,120.00800323486328
2022-07-01,136.07864379882812,60.63975143432617,28.494264602661133,36.26307678222656,1.6299999952316284,36.142539978027344,82.01668548583984,250.68038940429688,52.516761779785156,,361.38470458984375,101.23115539550781,53.59615707397461,79.30734252929688,42.905723571777344,38.84284591674805,29.77362632751465,121.3555679321289
2022-07-05,138.65464782714844,60.5968017578125,28.78384017944336,35.980979919433594,1.4600000381469727,36.166954040527344,82.08297729492188,253.83827209472656,55.53170394897461,,362.0672302246094,100.79903411865234,53.70936965942383,78.8917236328125,42.73355484008789,39.35598373413086,29.67089080810547,120.65371704101562
2022-07-06,139.9867401123047,60.364810943603516,28.503915786743164,35.7625846862793,1.440000057220459,36.185855865478516,82.0415267944336,257.08306884765625,56.15818405151367,,363.2901306152344,101.04327392578125,53.37842559814453,78.93790435791016,42.535552978515625,39.63471221923828,29.596176147460938,121.46785736083984
2022-07-07,143.34632873535156,60.27031707763672,28.870712280273438,36.481475830078125,1.4800000190734863,36.2489128112793,82.03326416015625,259.19793701171875,57.60691833496094,,368.7311706542969,102.59330749511719,53.16069412231445,80.19396209716797,42.51833724975586,39.69490432739258,30.025787353515625,121.98255920410156
2022-07-08,144.0221405029297,60.132850646972656,28.68731117248535,36.481475830078125,1.4800000190734863,36.14017105102539,82.02497100830078,258.48333740234375,58.00414276123047,,368.42779541015625,102.6308822631836,52.96039962768555,80.16625213623047,42.56999206542969,39.72023391723633,29.960411071777344,122.3475341796875
2022-07-11,141.89671325683594,60.37339782714844,28.27225685119629,35.507789611816406,1.440000057220459,36.15041732788086,82.0498046875,255.44129943847656,56.6996955871582,,364.2190246582031,101.1466064453125,53.17811584472656,78.9748306274414,42.56999206542969,39.7360725402832,29.717586517333984,122.03872680664062
2022-07-12,142.8664093017578,60.47649002075195,30.00971221923828,35.37128448486328,1.4199999570846558,36.17011642456055,82.0415267944336,244.97296142578125,58.04338836669922,,360.9961853027344,100.62993621826172,53.282615661621094,78.52228546142578,42.44947052001953,39.61570739746094,29.53080177307129,120.48526763916016
2022-07-13,142.50401306152344,60.67408752441406,28.66800880432129,35.28938674926758,1.4600000381469727,36.226070404052734,82.0498046875,244.0555419921875,57.729522705078125,,359.10028076171875,100.3011245727539,53.30006790161133,78.24522399902344,42.45808029174805,39.71073532104492,29.26930046081543,119.31551361083984
2022-07-14,145.4228057861328,60.5796012878418,28.735576629638672,34.97089385986328,1.3799999952316284,36.12282943725586,82.01668548583984,245.36891174316406,58.210105895996094,,358.22821044921875,99.5683822631836,53.14329147338867,77.6448974609375,42.4666862487793,40.48677444458008,28.70894432067871,118.96926879882812
2022-07-15,147.08792114257812,60.699886322021484,29.044462203979492,35.152896881103516,1.399999976158142,36.217403411865234,82.03326416015625,247.91836547851562,60.348236083984375,,365.07208251953125,101.25934600830078,53.25649642944336,78.94713592529297,42.58720016479492,40.88270950317383,29.680233001708984,121.84220123291016
2022-07-18,144.05154418945312,60.528053283691406,30.05797004699707,35.398590087890625,1.409999966621399,36.28754425048828,81.99185943603516,245.5330810546875,59.28898239135742,,362.05780029296875,100.93993377685547,53.16939926147461,78.80860137939453,42.6646842956543,40.78767776489258,29.56815528869629,119.26872253417969
2022-07-19,147.90090942382812,60.45933151245117,31.467241287231445,35.980979919433594,1.440000057220459,36.37735366821289,82.01668548583984,250.63204956054688,61.20153045654297,,371.84027099609375,103.68302917480469,52.98651123046875,80.82199096679688,42.65607452392578,41.03791809082031,30.45539093017578,121.2994155883789
2022-07-20,149.8990020751953,60.40777587890625,31.708555221557617,35.82627868652344,1.399999976158142,36.45380783081055,82.00011444091797,253.27809143066406,62.08425521850586,,374.2101745605469,103.96485137939453,52.93425750732422,81.08983612060547,42.630252838134766,41.380001068115234,30.567461013793945,120.10160064697266
2022-07-21,152.16162109375,60.75142288208008,30.8494815826416,36.23577880859375,1.4600000381469727,36.60350799560547,82.03326416015625,255.76004028320312,62.417720794677734,,378.0207214355469,105.08274841308594,53.37842559814453,81.9487533569336,42.750770568847656,41.984989166259766,30.763587951660156,122.00126647949219
2022-07-22,150.927490234375,61.215354919433594,30.26067543029785,35.87178039550781,1.4299999475479126,36.720157623291016,82.09954833984375,251.43359375,60.112857818603516,,374.513427734375,104.21849060058594,53.78776168823242,81.24683380126953,42.88850784301758,41.877296447753906,30.586139678955078,121.49593353271484
2022-07-25,149.81088256835938,61.14662170410156,30.318588256835938,35.99917984008789,1.3600000143051147,36.745357513427734,82.09125518798828,249.9560546875,58.99474334716797,,374.968505859375,104.5754623413086,53.68324661254883,81.5516128540039,42.905723571777344,41.817115783691406,30.782262802124023,122.1323013305664
2022-07-26,148.4885711669922,61.249759674072266,29.575345993041992,35.71708679199219,1.399999976158142,36.67445373535156,82.09954833984375,243.26364135742188,58.51416015625,,370.5321960449219,103.18512725830078,53.691959381103516,80.56339263916016,42.87990188598633,38.636966705322266,30.352659225463867,122.75928497314453
2022-07-27,153.5720672607422,61.335662841796875,30.40546226501465,36.38137435913086,1.440000057220459,36.776885986328125,82.15751647949219,259.5263671875,60.70133972167969,,380.1535339355469,105.84366607666016,53.813899993896484,82.51212310791016,43.026248931884766,40.097171783447266,30.81961441040039,123.52665710449219
2022-07-28,154.12059020996094,61.77384567260742,30.598512649536133,36.536075592041016,1.590000033378601,36.93448257446289,82.23207092285156,266.933349609375,60.877872467041016,,384.9215393066406,107.00853729248047,54.20580291748047,83.31562805175781,43.23286056518555,41.09809494018555,31.04376792907715,124.3127212524414
2022-07-29,159.17466735839844,61.8855094909668,30.695035934448242,36.36317443847656,1.659999966621399,37.07240295410156,82.23207092285156,271.1148681640625,60.67190170288086,,390.533203125,108.5679702758789,54.21450424194336,84.32232666015625,43.336158752441406,41.82661437988281,31.482715606689453,123.9009780883789
2022-08-01,158.19520568847656,62.11526107788086,31.1101016998291,36.05377960205078,1.6699999570846558,37.1712760925293,82.22377014160156,268.478515625,61.33884811401367,,389.37677001953125,108.38947296142578,54.3523063659668,84.11913299560547,43.293121337890625,41.981815338134766,31.221214294433594,122.98387145996094
2022-08-02,156.72598266601562,61.62482452392578,30.71434783935547,35.88087844848633,1.659999966621399,37.08030319213867,82.20721435546875,265.39788818359375,61.27019500732422,,386.8079528808594,107.44068145751953,53.785404205322266,83.46341705322266,43.0606803894043,42.02616882324219,30.875659942626953,122.54405212402344
2022-08-03,162.7203369140625,61.85711669921875,32.09465789794922,36.16298294067383,1.5800000429153442,37.09217071533203,82.19890594482422,272.78558349609375,63.0160026550293,,392.8652038574219,108.8028335571289,53.89008712768555,84.4516372680664,43.08650588989258,41.335662841796875,31.342628479003906,123.66703796386719
2022-08-04,162.4069366455078,62.08085250854492,32.171875,36.41777420043945,1.4900000095367432,37.17839813232422,82.22377014160156,273.92510986328125,63.60447311401367,,392.5997619628906,108.971923828125,54.125545501708984,84.59016418457031,43.120948791503906,39.774085998535156,31.23989486694336,123.05874633789062
2022-08-05,162.18133544921875,61.52156066894531,31.79542350769043,36.45417785644531,1.2999999523162842,37.100074768066406,82.18230438232422,273.21044921875,61.26038360595703,,391.9361877441406,108.63372039794922,53.54121398925781,84.3962173461914,42.87129592895508,40.09400177001953,31.464033126831055,123.0119400024414
2022-08-08,161.71054077148438,61.63340759277344,32.57727813720703,36.49967575073242,1.350000023841858,37.072410583496094,82.20721435546875,270.7092590332031,60.269779205322266,,391.48114013671875,108.59614562988281,53.73309326171875,84.51628112792969,42.97459030151367,40.420249938964844,31.445354461669922,123.30204772949219
2022-08-09,161.75958251953125,61.54738235473633,32.05604553222656,36.36317443847656,1.350000023841858,37.044715881347656,82.20721435546875,272.6214294433594,58.01395797729492,,389.9266052246094,108.05128479003906,53.602256774902344,84.0637435913086,42.93155288696289,40.819358825683594,31.604124069213867,122.927734375
2022-08-10,165.996826171875,61.69365310668945,32.75102233886719,36.818172454833984,1.399999976158142,37.19420623779297,82.24038696289062,279.2461853027344,60.220741271972656,,398.1166076660156,110.4468002319336,53.672027587890625,85.92012786865234,42.940162658691406,40.904876708984375,32.313899993896484,124.26593780517578
2022-08-11,165.2611846923828,61.3322639465332,32.77998733520508,36.963768005371094,1.440000057220459,37.163360595703125,82.24866485595703,277.1795349121094,61.123069763183594,,398.1166076660156,110.47498321533203,53.46271514892578,85.97551727294922,42.940162658691406,41.29935836791992,32.696815490722656,123.46113586425781
2022-08-12,168.80198669433594,61.53875732421875,33.301231384277344,37.35506820678711,1.4600000381469727,37.246421813964844,82.2735595703125,281.90191650390625,63.790828704833984,,404.85638427734375,112.0062255859375,53.58481979370117,87.13923645019531,43.03485107421875,42.062870025634766,33.21048355102539,125.04265594482422
2022-08-15,169.87109375,61.74526596069336,33.78384017944336,37.18217086791992,1.409999966621399,37.246421813964844,82.3233413696289,283.408447265625,63.45735168457031,,406.5246887207031,112.12834930419922,53.72435760498047,87.15773010253906,43.026248931884766,42.18374252319336,33.20113754272461,125.66963195800781
2022-08-16,169.71417236328125,61.53875732421875,34.112037658691406,37.17306900024414,1.399999976158142,37.19501495361328,82.31504821777344,282.6745300292969,62.63349533081055,,407.3209533691406,112.35381317138672,53.637142181396484,87.25930786132812,42.97459030151367,44.33748245239258,33.4439582824707,125.33274841308594
2022-08-17,171.20506286621094,61.16876983642578,33.33982849121094,37.018367767333984,1.3300000429153442,37.07793426513672,82.31504821777344,281.9293212890625,60.4365119934082,,404.4297790527344,111.47076416015625,53.384220123291016,86.5666275024414,42.940162658691406,44.385196685791016,33.275856018066406,124.6028060913086
2022-08-18,170.8126983642578,61.22040939331055,33.29156494140625,36.80907440185547,1.3600000143051147,37.07793426513672,82.36483001708984,280.8164367675781,61.770389556884766,,405.6052551269531,111.48014831542969,53.46271514892578,86.57585906982422,43.017642974853516,44.242034912109375,33.31320571899414,124.05068969726562
2022-08-19,168.2331085205078,60.76435470581055,32.09465789794922,36.30857467651367,1.2699999809265137,36.93792724609375,82.35653686523438,276.9259948730469,59.347835540771484,,400.1546630859375,109.98649597167969,53.244667053222656,85.365966796875,43.03485107421875,43.58987045288086,32.65011978149414,124.38758087158203
2022-08-22,164.3588104248047,60.49764633178711,31.254886627197266,35.990081787109375,1.25,36.74806213378906,82.36483001708984,268.7967834472656,57.190086364746094,,391.8224182128906,107.77886199951172,53.061519622802734,83.78666687011719,42.98320007324219,42.810455322265625,31.930994033813477,122.75928497314453
2022-08-23,164.02532958984375,60.44599914550781,31.72785186767578,36.181175231933594,1.309999942779541,36.74411392211914,82.39801025390625,267.5289001464844,56.74872970581055,,390.87451171875,107.77886199951172,53.01791763305664,83.74972534179688,43.08650588989258,42.629119873046875,31.800256729125977,121.0467758178711
2022-08-24,164.319580078125,60.23088455200195,32.1525764465332,36.172080993652344,1.3700000047683716,36.75043869018555,82.34821319580078,266.8999328613281,57.190086364746094,,392.1258239746094,108.07948303222656,52.869651794433594,84.02679443359375,43.138160705566406,42.937713623046875,31.96835708618164,121.19646453857422
2022-08-25,166.7716522216797,60.592288970947266,32.80893325805664,36.954673767089844,1.3799999952316284,36.82875061035156,82.38143157958984,269.86126708984375,60.02458572387695,,397.66162109375,109.48860931396484,53.061519622802734,85.24591064453125,43.138160705566406,43.224029541015625,32.46332550048828,122.53469848632812
2022-08-26,160.48451232910156,60.42020797729492,31.544462203979492,36.40867233276367,1.2699999809265137,36.755985260009766,82.36483001708984,259.4480895996094,56.52315139770508,,384.2011413574219,106.06912994384766,53.00048065185547,82.71533203125,43.04347229003906,41.865631103515625,31.492050170898438,119.11898803710938
2022-08-29,158.28744506835938,60.05879592895508,30.91704750061035,36.181175231933594,1.2899999618530273,36.62940979003906,82.38972473144531,256.68035888671875,55.91505432128906,,381.66070556640625,105.47730255126953,52.817325592041016,82.26277923583984,42.97459030151367,42.272830963134766,31.267908096313477,118.28612518310547
2022-08-30,155.86476135253906,60.13625717163086,30.617816925048828,35.75348663330078,1.2200000286102295,36.52261734008789,82.43120574951172,254.49310302734375,55.21870040893555,,377.4709777832031,104.40637969970703,52.79988479614258,81.4315414428711,42.87990188598633,42.145572662353516,31.099802017211914,117.50003814697266
2022-08-31,154.2071075439453,59.85230255126953,29.990402221679688,35.88087844848633,1.190000057220459,36.45536422729492,82.40630340576172,253.04156494140625,55.44427490234375,,374.59869384765625,103.59846496582031,52.67778396606445,80.90511322021484,42.67329025268555,42.167842864990234,30.866321563720703,116.75138854980469
2022-09-01,154.93295288085938,59.64459991455078,30.00971221923828,35.59878921508789,1.1200000047683716,36.36800765991211,82.40629577636719,252.00601196289062,56.20928955078125,,375.7742004394531,103.29785919189453,52.43408203125,80.60955047607422,42.57859802246094,42.781829833984375,30.959712982177734,118.66980743408203
2022-09-02,152.82415771484375,59.885894775390625,29.86492347717285,35.27119064331055,1.159999966621399,36.43552017211914,82.43124389648438,247.80593872070312,55.248111724853516,,371.8118591308594,102.37723541259766,52.69613265991211,79.92611694335938,42.681907653808594,42.31100082397461,30.716894149780273,116.96662139892578
2022-09-06,151.56871032714844,59.42914581298828,30.106237411499023,34.852596282958984,1.1699999570846558,36.345767974853516,82.42293548583984,245.0865020751953,54.16924285888672,,370.4089660644531,101.93571472167969,52.28559112548828,79.5382308959961,42.56999206542969,42.10103988647461,30.642175674438477,117.07894134521484
2022-09-07,152.97129821777344,59.73941421508789,31.1101016998291,35.1619873046875,1.2599999904632568,36.45140838623047,82.44786071777344,249.77052307128906,53.94365692138672,,377.0633544921875,103.50452423095703,52.538917541503906,80.69269561767578,42.58720016479492,43.18267059326172,31.249216079711914,118.98797607421875
2022-09-08,151.5000762939453,59.44639587402344,31.00391960144043,34.97089385986328,1.2599999904632568,36.53083038330078,82.43124389648438,250.1865997314453,54.326168060302734,,379.5279846191406,104.03998565673828,52.39042282104492,81.07136535644531,42.47529220581055,43.40217590332031,31.800256729125977,121.05612182617188
2022-09-09,154.35427856445312,59.36022186279297,31.525156021118164,35.489585876464844,1.3300000429153442,36.588809967041016,82.43954467773438,255.93519592285156,56.336795806884766,,385.4239807128906,106.05973052978516,52.34672927856445,82.61370849609375,42.50972366333008,43.532623291015625,32.08976745605469,122.1229476928711
2022-09-12,160.2981414794922,59.44639587402344,31.998132705688477,36.01738357543945,1.3700000047683716,36.590396881103516,82.43954467773438,258.05450439453125,56.82719802856445,,389.56640625,107.29036712646484,52.320560455322266,83.59272003173828,42.526947021484375,43.923912048339844,32.35126495361328,122.9371109008789
2022-09-13,150.89187622070312,59.21371078491211,30.63712501525879,34.907196044921875,1.2799999713897705,36.430755615234375,82.38968658447266,243.86712646484375,52.59016799926758,,372.6271057128906,102.90331268310547,52.032291412353516,80.31402587890625,42.45808029174805,43.01723861694336,31.146501541137695,118.87567901611328
2022-09-14,152.33372497558594,59.31712341308594,31.525156021118164,35.0800895690918,1.2799999713897705,36.31638717651367,82.40629577636719,244.08970642089844,52.089962005615234,,374.0489196777344,103.3072509765625,51.99736404418945,80.64651489257812,42.47529220581055,42.92180633544922,31.053102493286133,118.9411849975586
2022-09-15,149.4500732421875,59.11030197143555,32.12361145019531,34.706993103027344,1.2000000476837158,36.23299026489258,82.39801025390625,237.47015380859375,51.67802429199219,,369.80224609375,102.25511932373047,51.86632537841797,79.82452392578125,42.34616470336914,42.46052169799805,31.15583610534668,119.60562133789062
2022-09-16,147.8120880126953,59.153404235839844,30.99427032470703,34.38850021362305,1.190000057220459,36.145626068115234,82.38968658447266,236.850830078125,51.83495330810547,,366.9810485839844,101.46601104736328,51.92747116088867,79.15956115722656,42.30311584472656,42.37144088745117,30.875659942626953,119.26872253417969
2022-09-19,151.51966857910156,59.03276062011719,31.79542350769043,34.497703552246094,1.2100000381469727,36.248878479003906,82.40629577636719,236.63792419433594,51.09935760498047,,369.8269958496094,102.0578384399414,51.77899169921875,79.6448745727539,42.1998176574707,42.73411178588867,31.225841522216797,118.62606811523438
2022-09-20,153.89324951171875,58.7138786315918,31.612024307250977,34.306602478027344,1.1299999952316284,36.14006423950195,82.38968658447266,234.63461303710938,49.82432556152344,,365.5819091796875,100.80840301513672,51.630489349365234,78.60557556152344,42.148162841796875,42.4859733581543,30.765819549560547,117.2355728149414
2022-09-21,150.7742156982422,58.83452224731445,30.07727813720703,33.73330307006836,1.159999966621399,35.854156494140625,82.33150482177734,231.24746704101562,49.13777160644531,,359.204833984375,99.19261932373047,51.69164276123047,77.36215209960938,42.15677261352539,42.87408447265625,30.12740135192871,115.29071807861328
2022-09-22,149.81297302246094,58.45534133911133,28.91897201538086,33.56950759887695,1.1299999952316284,35.74850082397461,82.33979797363281,233.2120361328125,48.70621871948242,,356.1875305175781,98.3659439086914,51.193763732910156,76.75897979736328,41.94155502319336,42.43506622314453,29.62042808532715,115.90143585205078
2022-09-23,147.5472412109375,58.21403121948242,28.01163101196289,32.74142074584961,1.0099999904632568,35.581722259521484,82.30657196044922,230.25059509277344,49.13777160644531,,350.2196960449219,96.1865005493164,51.150108337402344,75.00518798828125,41.777984619140625,41.37569808959961,29.1510066986084,115.30950927734375
2022-09-26,147.8807373046875,57.49011993408203,27.046384811401367,32.34101867675781,0.9900000095367432,35.27196502685547,82.28163146972656,229.7957763671875,47.94120407104492,,346.7550354003906,95.02164459228516,50.60854721069336,74.1050796508789,41.51972579956055,41.773372650146484,28.69097900390625,114.21025085449219
2022-09-27,148.85174560546875,57.26606750488281,27.50970458984375,32.30462646484375,0.9800000190734863,35.12820816040039,82.21514892578125,228.78932189941406,49.608558654785156,,345.8699035644531,94.76799774169922,50.42510986328125,73.85453033447266,41.4766845703125,41.658843994140625,28.568925857543945,113.86262512207031
2022-09-28,146.9685516357422,58.050296783447266,28.465307235717773,32.58672332763672,1.0700000524520874,35.19253921508789,82.24835205078125,233.2991180419922,50.020484924316406,,352.6753234863281,96.71257019042969,51.219974517822266,75.39490509033203,41.8210334777832,42.34599685668945,29.132232666015625,116.3523941040039
2022-09-29,139.74957275390625,57.72282028198242,27.451791763305664,31.85872459411621,1.0499999523162842,35.19651794433594,82.17356872558594,229.84417724609375,49.049503326416016,,345.308349609375,95.0404281616211,51.0452766418457,73.97517395019531,41.5455436706543,42.072410583496094,28.766084671020508,115.37527465820312
2022-09-30,135.5516357421875,57.714202880859375,27.084997177124023,31.74042510986328,1.0700000524520874,35.186187744140625,82.17356872558594,225.3924560546875,49.13777160644531,,339.9685974121094,93.89433288574219,50.93171310424805,73.1957015991211,41.41642379760742,41.26118087768555,28.503206253051758,113.78746032714844
2022-10-03,139.72019958496094,58.24939727783203,27.278043746948242,32.259132385253906,1.190000057220459,35.355342864990234,82.17938995361328,232.9797821044922,50.72666549682617,,348.9442138671875,96.1958999633789,51.322811126708984,75.00518798828125,41.700687408447266,42.16148376464844,29.273061752319336,116.12689208984375
2022-10-04,143.3002471923828,58.3961296081543,29.681520462036133,33.31471252441406,1.2599999904632568,35.66733169555664,82.21269226074219,240.85736083984375,52.92362976074219,,359.7568359375,99.47444915771484,51.427799224853516,77.5477294921875,41.84983444213867,42.70866012573242,30.362112045288086,118.82337951660156
2022-10-05,143.59446716308594,57.98179244995117,29.459516525268555,33.332916259765625,1.159999966621399,35.59870910644531,82.17107391357422,241.16705322265625,53.67884063720703,,358.91925048828125,99.09867858886719,51.10409164428711,77.1765365600586,41.7708740234375,42.285552978515625,30.12740135192871,119.21798706054688
2022-10-06,142.64309692382812,57.86957550048828,29.556039810180664,33.132713317871094,1.1399999856948853,35.54765701293945,82.15440368652344,238.834716796875,53.570953369140625,,355.2167053222656,97.87744903564453,50.91159439086914,76.31356811523438,41.72700881958008,41.89107894897461,29.704923629760742,117.6959228515625
2022-10-07,137.40541076660156,57.489768981933594,28.3687801361084,32.441131591796875,1.1100000143051147,35.38007354736328,82.12943267822266,226.68931579589844,52.003292083740234,,345.308349609375,95.39739990234375,50.74536895751953,74.46697998046875,41.74455261230469,40.89850997924805,29.00079345703125,115.20616912841797
2022-10-10,137.72906494140625,57.256683349609375,28.397735595703125,31.986127853393555,1.0700000524520874,35.291507720947266,82.10442352294922,221.86012268066406,50.49951934814453,,342.6717529296875,94.79618072509766,50.59663772583008,73.83598327636719,41.6392707824707,41.140289306640625,28.869354248046875,114.48270416259766
2022-10-11,136.31666564941406,57.1962890625,27.837888717651367,31.47653579711914,1.0800000429153442,35.18619918823242,82.10442352294922,218.1439666748047,52.78958511352539,,340.5015869140625,93.98827362060547,50.65787887573242,73.18641662597656,41.71823501586914,42.20601272583008,28.503206253051758,115.09342193603516
2022-10-12,135.68893432617188,57.2480583190918,28.195032119750977,31.512935638427734,1.090000033378601,35.20772933959961,82.11275482177734,218.4729766845703,51.84603500366211,,339.3785400390625,93.69706726074219,50.797855377197266,73.0008316040039,41.71823501586914,41.72882843017578,28.437488555908203,114.52969360351562
2022-10-13,140.24984741210938,57.21353530883789,29.324378967285156,31.603931427001953,1.100000023841858,35.11598205566406,82.07942962646484,226.68931579589844,53.91987228393555,,348.3351135253906,96.11135864257812,50.56163024902344,74.56905364990234,41.700687408447266,42.08195877075195,29.611042022705078,117.19798278808594
2022-10-14,135.72816467285156,56.963199615478516,30.000059127807617,31.1307430267334,1.0499999523162842,35.03139114379883,82.04610443115234,221.19235229492188,51.816551208496094,,340.3970031738281,93.90372467041016,50.41289520263672,73.01011657714844,41.67436599731445,41.493404388427734,29.113454818725586,116.40877532958984
2022-10-17,139.6809539794922,57.118568420410156,30.04831886291504,31.986127853393555,1.059999942779541,35.11598205566406,82.06275939941406,229.87322998046875,52.58317947387695,,349.1440734863281,96.31803131103516,50.482887268066406,74.93094635009766,41.753326416015625,41.792457580566406,29.84575080871582,118.2784423828125
2022-10-18,140.99525451660156,57.2480583190918,31.052181243896484,31.99522590637207,1.2699999809265137,35.28355407714844,82.06275939941406,230.81195068359375,51.64946746826172,,353.2464294433594,97.35137176513672,50.57912826538086,75.65473937988281,41.74455261230469,42.673667907714844,30.32455825805664,118.93611907958984
2022-10-19,141.10317993164062,56.876869201660156,31.3900203704834,31.412839889526367,1.2599999904632568,35.13193893432617,82.04610443115234,228.85708618164062,52.12123107910156,,350.7431640625,96.52469635009766,50.22041320800781,74.8567123413086,41.665592193603516,42.55277633666992,29.82697296142578,117.27314758300781
2022-10-20,140.6421661376953,56.56612014770508,31.03287696838379,31.613033294677734,1.2599999904632568,35.02022933959961,82.00447082519531,228.53770446777344,52.779754638671875,,347.8020935058594,95.89529418945312,49.99292755126953,74.50408935546875,41.63050079345703,42.65775680541992,29.348159790039062,116.27725982666016
2022-10-21,144.44781494140625,56.678348541259766,31.44794273376465,32.09532165527344,1.3799999952316284,35.064109802246094,82.05442810058594,234.3152618408203,55.0894889831543,,356.254150390625,97.96199798583984,50.1854248046875,76.05374908447266,41.841060638427734,43.5198860168457,30.22128677368164,118.88916015625
2022-10-24,146.58604431152344,56.75603485107422,32.11396026611328,30.87594223022461,1.350000023841858,35.12553787231445,82.0294418334961,239.2799072265625,55.276222229003906,,360.6134948730469,98.70413208007812,50.167911529541016,76.20220184326172,41.841060638427734,44.35021209716797,30.624982833862305,121.18162536621094
2022-10-25,149.42066955566406,57.273948669433594,32.722068786621094,31.1307430267334,1.4199999570846558,35.26917266845703,82.07109069824219,242.5799560546875,54.91257095336914,,366.3719482421875,100.57355499267578,50.50038528442383,77.60340118408203,41.86738586425781,44.5601692199707,30.99112892150879,122.10237884521484
2022-10-26,146.4879608154297,57.43798065185547,32.722068786621094,31.64032745361328,1.5099999904632568,35.41919708251953,82.08777618408203,223.8634033203125,54.49977111816406,,363.6116943359375,100.3293228149414,50.64912033081055,77.62196350097656,41.841060638427734,44.90055847167969,31.066242218017578,123.4552993774414
2022-10-27,142.025146484375,57.80915069580078,32.90546798706055,31.394638061523438,1.440000057220459,35.61865997314453,82.06275939941406,219.44068908691406,51.31528091430664,,361.66998291015625,99.8126449584961,50.93783187866211,77.18583679199219,41.990211486816406,44.7701301574707,31.319730758666992,122.8070297241211
2022-10-28,152.7555389404297,57.61924743652344,33.465309143066406,31.20353889465332,1.440000057220459,35.65057373046875,82.04610443115234,228.26675415039062,53.113929748535156,,370.2743225097656,101.71965026855469,50.71037673950195,78.41999816894531,41.911251068115234,45.33640670776367,32.098976135253906,124.8270492553711
2022-10-31,150.40150451660156,57.43798065185547,32.75102233886719,31.112539291381836,1.4600000381469727,35.47902297973633,82.01278686523438,224.6472930908203,53.17290115356445,,367.5997619628906,100.91175079345703,50.56163024902344,77.86323547363281,41.893707275390625,45.27912902832031,31.90180778503418,124.72367095947266
2022-11-01,147.76304626464844,57.58237838745117,32.46144485473633,31.68582534790039,1.4900000095367432,35.49906921386719,82.00445556640625,220.81495666503906,53.91987228393555,,365.9911804199219,100.9305419921875,50.49676513671875,78.0209732055664,41.858604431152344,45.075531005859375,31.98630714416504,124.7988510131836
2022-11-02,142.25071716308594,57.47862243652344,30.946006774902344,31.42193603515625,1.3600000143051147,35.40608596801758,82.02115631103516,213.0050506591797,52.534034729003906,,356.80621337890625,98.61019134521484,50.49676513671875,76.37852478027344,41.8322868347168,44.776493072509766,31.582609176635742,122.67549896240234
2022-11-03,136.21859741210938,57.314300537109375,30.859132766723633,31.603931427001953,1.3600000143051147,35.28746795654297,81.99607849121094,207.34364318847656,52.56352615356445,,353.1322021484375,97.6426010131836,50.28640365600586,75.7939224243164,41.648048400878906,44.76695251464844,31.263402938842773,122.15876007080078
2022-11-04,135.9533233642578,57.26243209838867,31.621679306030273,32.94161605834961,1.5,35.3275260925293,81.9710464477539,214.25347900390625,55.197601318359375,,358.21490478515625,99.69052124023438,50.30393981933594,77.56627655029297,41.71823501586914,44.84648513793945,31.83609962463379,122.9009780883789
2022-11-07,136.4838409423828,57.0808219909668,32.200836181640625,32.95981979370117,1.600000023841858,35.29146957397461,82.0127944946289,220.52464294433594,55.59075164794922,,361.64141845703125,100.4514389038086,50.18121337890625,78.07666015625,41.7708740234375,45.31731033325195,32.155303955078125,124.21633911132812
2022-11-08,137.05368041992188,57.322967529296875,32.42284393310547,33.19641876220703,1.690000057220459,35.347572326660156,82.02115631103516,221.49241638183594,56.50480651855469,,363.5926513671875,101.17479705810547,50.391578674316406,78.63341522216797,41.78841781616211,45.42547607421875,32.34307098388672,124.83642578125
2022-11-09,132.50486755371094,57.48728561401367,32.2973518371582,32.62311935424805,1.7200000286102295,35.31951904296875,82.06288146972656,217.27293395996094,55.0108528137207,,356.10186767578125,99.25839233398438,50.54060745239258,77.1208724975586,41.74455261230469,44.36929702758789,31.798540115356445,123.49287414550781
2022-11-10,144.29441833496094,58.48170471191406,34.25682067871094,33.80610656738281,1.8200000524520874,35.804447174072266,82.21318817138672,235.1475372314453,59.2371711730957,,375.671142578125,104.73516845703125,51.364540100097656,81.2966079711914,41.94634246826172,45.288673400878906,33.40395736694336,126.63092803955078
2022-11-11,147.0748291015625,58.31740188598633,34.20855712890625,34.725196838378906,1.850000023841858,35.924678802490234,82.1714096069336,239.14443969726562,61.448612213134766,,379.3070373535156,106.1724624633789,51.31193923950195,82.4843521118164,41.96389389038086,45.358665466308594,33.67622756958008,125.08071899414062
2022-11-14,145.67971801757812,58.19633102416992,33.484622955322266,34.51589584350586,1.8200000524520874,35.88058090209961,82.1881332397461,233.763671875,60.72129821777344,,376.0804443359375,105.11092376708984,51.20675277709961,81.68633270263672,41.8322868347168,44.02571105957031,33.197418212890625,125.1934585571289
2022-11-15,147.40884399414062,58.568180084228516,33.687320709228516,35.307586669921875,1.8300000429153442,36.012855529785156,82.22990417480469,234.1701202392578,62.01866912841797,,379.2880554199219,106.02217102050781,51.4258918762207,82.5121841430664,41.911251068115234,46.90476989746094,33.272525787353516,125.03374481201172
2022-11-16,146.18080139160156,58.896793365478516,32.93442153930664,34.7433967590332,1.7999999523162842,36.09299087524414,82.28834533691406,234.5971221923828,57.86115646362305,,376.39447021484375,105.33638763427734,51.680076599121094,81.81623840332031,41.893707275390625,47.241981506347656,33.112918853759766,124.97736358642578
2022-11-17,148.0769500732422,58.706539154052734,32.87651062011719,34.807098388671875,1.7899999618530273,35.9968147277832,82.29668426513672,234.54859924316406,57.7333869934082,,375.2428894042969,105.06396484375,51.4258918762207,81.62139129638672,41.76210021972656,47.082923889160156,32.934539794921875,124.92097473144531
2022-11-18,148.63693237304688,58.594120025634766,33.27226257324219,34.60689926147461,1.7799999713897705,35.9968147277832,82.2716293334961,234.10218811035156,57.576133728027344,,376.94659423828125,105.4585189819336,51.27688217163086,81.81623840332031,41.648048400878906,47.7923469543457,33.2067985534668,126.43367004394531
2022-11-21,145.4144744873047,58.594120025634766,33.04059982299805,34.170101165771484,1.840000033378601,35.96075439453125,82.29668426513672,234.9076690673828,56.18046188354492,,375.575927734375,104.82909393310547,51.26812744140625,81.3337173461914,41.753326416015625,48.085018157958984,33.310081481933594,126.49003601074219
2022-11-22,147.54637145996094,58.827606201171875,33.04059982299805,34.25200271606445,1.9800000190734863,36.04490661621094,82.30503845214844,237.79974365234375,57.61543655395508,,380.630126953125,106.3227767944336,51.399593353271484,82.38228607177734,41.7796516418457,48.256805419921875,33.64805603027344,127.58927917480469
2022-11-23,148.42080688476562,59.15618896484375,33.29156494140625,34.53409957885742,1.9800000190734863,36.221248626708984,82.35511779785156,240.27450561523438,57.920135498046875,,383.0286865234375,107.14005279541016,51.55736541748047,83.0132827758789,41.86738586425781,48.489051818847656,33.78889083862305,128.0966033935547
2022-11-25,145.5127410888672,59.15618896484375,33.880374908447266,34.37030029296875,2.009999990463257,36.25971603393555,82.38854217529297,240.18716430664062,57.40904235839844,,382.94293212890625,107.28097534179688,51.57489776611328,83.10606384277344,41.841060638427734,48.69581604003906,33.901546478271484,128.85763549804688
2022-11-28,141.69090270996094,59.04376983642578,32.693115234375,34.215599060058594,1.8799999952316284,36.157108306884766,82.3968734741211,234.62620544433594,54.79462814331055,,376.83233642578125,105.69337463378906,51.60996627807617,81.90904235839844,41.84983444213867,48.83580780029297,33.31946563720703,127.88992309570312
2022-11-29,138.69444274902344,59.02648162841797,33.407405853271484,34.952693939208984,1.940000057220459,36.157108306884766,82.42191314697266,233.23843383789062,54.17542266845703,,376.18505859375,105.59942626953125,51.478477478027344,82.07606506347656,41.79719924926758,48.66401672363281,33.51661682128906,127.57046508789062
2022-11-30,145.43409729003906,59.311832427978516,34.140995025634766,35.96278381347656,2.049999952316284,36.33185577392578,82.48875427246094,247.61141967773438,56.66206359863281,,388.03515625,108.44585418701172,51.83785629272461,84.31239318847656,42.113040924072266,48.489051818847656,34.08932113647461,130.6145782470703
2022-12-01,145.70919799804688,59.738037109375,34.15064239501953,35.844482421875,2.200000047683716,36.52509307861328,82.5389633178711,247.17471313476562,54.539085388183594,,387.74969482421875,108.8028335571289,52.2154655456543,84.50727081298828,42.2446403503418,48.7912712097168,33.89215087890625,130.9904022216797
2022-12-02,145.21798706054688,59.885318756103516,34.46918487548828,35.980979919433594,2.2100000381469727,36.601585388183594,82.55569458007812,247.4949493408203,53.74295425415039,,387.30230712890625,108.68070983886719,52.26814270019531,84.46085357666016,42.306060791015625,48.74354553222656,33.73255157470703,131.32864379882812
2022-12-05,144.05868530273438,59.56478500366211,34.54640197753906,35.57149124145508,2.0999999046325684,36.46632766723633,82.580810546875,242.81716918945312,53.113929748535156,,380.3349914550781,106.74551391601562,51.88176727294922,83.0040054321289,42.086727142333984,48.244083404541016,32.89698791503906,130.06964111328125
2022-12-06,140.40390014648438,59.738037109375,34.66222381591797,35.5259895324707,2.069999933242798,36.438140869140625,82.54732513427734,237.88706970214844,52.760101318359375,,374.8525390625,105.50548553466797,52.039833068847656,82.1224594116211,42.042850494384766,47.68418884277344,32.6059455871582,129.0831756591797
2022-12-07,138.4684600830078,60.10188674926758,33.13713073730469,35.31669235229492,2.130000114440918,36.55891036987305,82.61432647705078,237.15919494628906,52.897701263427734,,374.21484375,105.37396240234375,52.391109466552734,81.9832534790039,42.113040924072266,47.4360466003418,32.47450637817383,130.14479064941406
2022-12-08,140.1484832763672,59.911293029785156,32.36492919921875,35.744388580322266,2.0899999141693115,36.530731201171875,82.65618133544922,240.0997772216797,54.254051208496094,,377.1463928222656,106.13489532470703,52.171573638916016,82.60499572753906,42.086727142333984,47.50948715209961,32.5026741027832,131.3192596435547
2022-12-09,139.66705322265625,59.61676788330078,32.62553787231445,35.507789611816406,2.0399999618530273,36.526702880859375,82.62266540527344,238.17823791503906,53.9296989440918,,374.3290710449219,105.59002685546875,51.987144470214844,82.17813873291016,42.00776290893555,46.40142822265625,32.418174743652344,129.63746643066406
2022-12-12,141.9561767578125,59.59944152832031,33.56184768676758,35.398590087890625,1.9700000286102295,36.530731201171875,82.63943481445312,245.05902099609375,54.4014778137207,,379.72589111328125,106.66097259521484,51.91688919067383,82.93904113769531,42.016536712646484,47.26679992675781,32.85004806518555,131.01858520507812
2022-12-13,142.91900634765625,59.833343505859375,32.22014236450195,35.6517219543457,2.0299999713897705,36.715919494628906,82.68132019042969,249.33892822265625,54.29336929321289,,382.6003112792969,107.748291015625,52.241817474365234,83.70923614501953,42.1218147277832,47.097557067871094,32.934539794921875,131.42259216308594
2022-12-14,140.6986083984375,59.833343505859375,33.11782455444336,35.670204162597656,2.0299999713897705,36.73202133178711,82.73992156982422,249.63006591796875,53.654502868652344,,380.1541442871094,107.24673461914062,52.33840560913086,83.36589050292969,42.07794189453125,46.835697174072266,32.521446228027344,131.62928771972656
2022-12-15,134.10633850097656,59.67740249633789,32.09465789794922,34.84796905517578,1.899999976158142,36.7392692565918,82.76502990722656,241.66229248046875,51.14820861816406,,370.85491943359375,104.50241088867188,52.39987564086914,81.30587768554688,42.06040573120117,46.41739273071289,31.883033752441406,129.21466064453125
2022-12-16,132.15121459960938,59.59078598022461,31.959518432617188,34.9495964050293,1.909999966621399,36.7392692565918,82.80690002441406,237.46975708007812,51.17769241333008,,366.4765319824219,103.40467071533203,52.34719467163086,80.54496765136719,41.990211486816406,45.583953857421875,31.63893699645996,127.3355941772461
2022-12-19,130.04872131347656,59.2789192199707,31.776123046875,34.9773063659668,1.8200000524520874,36.62651443481445,82.8320083618164,233.35487365722656,50.83368682861328,,363.3689880371094,102.66653442382812,52.09252166748047,80.05699157714844,41.972660064697266,45.599910736083984,31.553911209106445,126.86009979248047
2022-12-20,129.9799346923828,58.88909149169922,31.756820678710938,34.96807098388672,2.2799999713897705,36.55404281616211,82.85711669921875,234.66505432128906,49.81150436401367,,363.8662414550781,102.92204284667969,51.90810775756836,80.24395751953125,41.990211486816406,45.99907302856445,31.686166763305664,126.8318099975586
2022-12-21,133.07473754882812,58.93241882324219,32.50006103515625,35.28218078613281,2.3499999046325684,36.69096755981445,82.84874725341797,237.21743774414062,50.312767028808594,,369.30694580078125,104.3415298461914,51.9695930480957,81.29093170166016,42.086727142333984,46.35990524291992,32.177433013916016,128.50167846679688
2022-12-22,129.91114807128906,58.880428314208984,31.776123046875,34.96807098388672,2.440000057220459,36.666778564453125,82.890625,231.16156005859375,48.58293533325195,,364.0383605957031,103.04505920410156,51.925682067871094,80.30940246582031,42.02530288696289,45.817054748535156,31.894012451171875,128.32240295410156
2022-12-23,129.54766845703125,58.75701141357422,32.00777816772461,34.921871185302734,2.4600000381469727,36.64263153076172,82.88223266601562,231.6856231689453,49.33973693847656,,366.13238525390625,103.5655288696289,51.801597595214844,80.68331146240234,42.04057693481445,45.90965270996094,32.073509216308594,128.3978729248047
2022-12-27,127.74974822998047,58.40932846069336,31.756820678710938,35.43924331665039,2.5799999237060547,36.50572967529297,82.87388610839844,229.9678955078125,49.162818908691406,,364.68853759765625,103.31950378417969,51.51122283935547,80.6739730834961,41.968719482421875,45.922428131103516,32.064056396484375,128.0676727294922
2022-12-28,123.8297348022461,58.374576568603516,30.878435134887695,34.921871185302734,2.490000009536743,36.4493522644043,82.87388610839844,227.60955810546875,48.278236389160156,,360.15618896484375,102.0798110961914,51.467227935791016,79.66437530517578,41.9597282409668,45.11773681640625,31.950695037841797,127.23746490478516
2022-12-29,127.33710479736328,58.531005859375,31.592723846435547,35.503910064697266,2.569999933242798,36.469581604003906,82.90747833251953,233.89834594726562,49.78202438354492,,366.63922119140625,103.84942626953125,51.58161544799805,81.03855895996094,41.9866828918457,45.39235305786133,32.394718170166016,128.62428283691406
2022-12-30,127.6515121459961,58.278953552246094,31.71820068359375,35.01426315307617,2.5799999237060547,36.49382400512695,82.87386322021484,232.74346923828125,49.235294342041016,,365.6733703613281,103.38573455810547,51.45841598510742,80.57113647460938,41.9597282409668,45.27738952636719,32.309688568115234,128.1620330810547
2023-01-03,122.8767318725586,58.6440315246582,31.47689437866211,35.30990219116211,2.5199999809265137,36.558536529541016,82.94109344482422,232.51055908203125,49.619476318359375,,364.13397216796875,103.2437973022461,51.66081237792969,80.61787414550781,41.95074462890625,45.855377197265625,32.423065185546875,127.7940902709961
2023-01-04,124.14411163330078,59.000389099121094,33.19504928588867,36.37233352661133,2.690000057220459,36.73647689819336,82.99150085449219,222.33981323242188,53.39241409301758,,366.9451904296875,104.25636291503906,51.88959503173828,81.60877227783203,41.90583419799805,45.90645980834961,32.94266128540039,128.1337127685547
2023-01-05,122.82760620117188,58.870018005371094,34.005855560302734,36.261474609375,2.7100000381469727,36.696044921875,82.99150085449219,215.7501678466797,53.894813537597656,,362.7571105957031,103.03559875488281,51.81040954589844,80.76746368408203,41.878883361816406,45.75,32.69702911376953,126.8223876953125
2023-01-06,127.34691619873047,59.39150619506836,34.77806091308594,37.019039154052734,2.6500000953674316,37.01148986816406,83.08389282226562,218.29281616210938,55.92412185668945,,371.07586669921875,105.4676513671875,52.31196212768555,82.61836242675781,42.04955291748047,46.87083435058594,33.424476623535156,127.99222564697266
2023-01-09,127.8676528930664,59.41761016845703,35.492347717285156,37.29619598388672,2.609999895095825,37.102867126464844,83.11748504638672,220.418212890625,55.52022933959961,,370.8654479980469,105.59068298339844,52.408756256103516,82.81466674804688,42.05854034423828,46.286460876464844,33.301658630371094,125.85065460205078
2023-01-10,128.43743896484375,59.28718566894531,36.7664794921875,37.564117431640625,2.700000047683716,37.03573989868164,83.13428497314453,222.09716796875,56.35756301879883,,373.4663391113281,106.16791534423828,52.250362396240234,83.26339721679688,42.031593322753906,46.257728576660156,33.4906005859375,126.90730285644531
2023-01-11,131.14906311035156,59.63489532470703,36.85335159301758,37.721168518066406,2.609999895095825,37.136844635009766,83.15949249267578,228.81300354003906,57.19489288330078,,378.1898498535156,107.32245635986328,52.452754974365234,84.10472869873047,42.076507568359375,46.66327667236328,33.80236053466797,127.62427520751953
2023-01-12,131.0704803466797,59.9738655090332,38.22401809692383,37.90593719482422,2.690000057220459,37.29375076293945,83.235107421875,231.47210693359375,56.41667175292969,,379.5667724609375,108.15522003173828,52.79591751098633,84.7030029296875,42.23820114135742,46.241764068603516,33.86849594116211,127.2186508178711
2023-01-13,132.39682006835938,59.782630920410156,36.87266159057617,38.15538024902344,2.7699999809265137,37.30104446411133,83.235107421875,232.17086791992188,56.08174133300781,,381.039306640625,108.63783264160156,52.59355163574219,85.14234161376953,42.148372650146484,46.3950309753418,34.12356948852539,127.78467559814453
2023-01-17,133.55613708496094,59.869564056396484,36.930572509765625,37.942901611328125,2.7100000381469727,37.23875427246094,83.2854995727539,233.25782775878906,56.0029296875,,380.3412780761719,108.62836456298828,52.558353424072266,85.1236572265625,42.13040542602539,46.11402893066406,33.89683151245117,127.1903305053711
2023-01-18,132.8389129638672,60.347625732421875,37.046409606933594,37.6842155456543,2.6500000953674316,37.43206787109375,83.33592987060547,228.85179138183594,55.667991638183594,,374.33642578125,107.37921905517578,53.02470779418945,84.20755767822266,42.2022705078125,44.974029541015625,33.26387023925781,125.3978271484375
2023-01-19,132.8979034423828,60.25200653076172,37.01743698120117,37.97060775756836,2.6500000953674316,37.41669845581055,83.41993713378906,225.08628845214844,55.52022933959961,,371.611328125,106.69786834716797,52.927921295166016,83.83362579345703,42.31904983520508,44.33218765258789,32.876529693603516,125.69973754882812
2023-01-20,135.45228576660156,59.95649719238281,37.67381286621094,38.55264663696289,2.7200000286102295,37.3342170715332,83.42833709716797,233.13165283203125,57.588932037353516,,378.53411865234375,108.41071319580078,52.70793151855469,85.13300323486328,42.25617599487305,44.878231048583984,33.39613342285156,126.33180236816406
2023-01-23,138.63546752929688,59.80004119873047,37.722084045410156,38.82979965209961,2.690000057220459,37.27030944824219,83.44512176513672,235.42202758789062,60.89887237548828,,383.07598876953125,109.48951721191406,52.57594680786133,85.93695068359375,42.247188568115234,45.548824310302734,33.783470153808594,126.76578521728516
2023-01-24,140.03054809570312,60.052101135253906,37.45180892944336,38.85751724243164,2.819999933242798,37.32693099975586,83.4535140991211,234.89797973632812,60.34721755981445,,382.6648254394531,109.38542175292969,52.743133544921875,85.85281372070312,42.31006622314453,45.67015838623047,33.80236053466797,125.92616271972656
2023-01-25,139.37228393554688,60.14769744873047,38.011653900146484,38.89447021484375,2.869999885559082,37.33096694946289,83.48714447021484,233.51016235351562,60.623050689697266,,382.8082275390625,109.60308074951172,52.79591751098633,86.01171875,42.32802963256836,45.45301818847656,34.06688690185547,125.9638671875
2023-01-26,141.43548583984375,60.026023864746094,37.85721969604492,39.264015197753906,2.890000104904175,37.33096694946289,83.52076721191406,240.6820831298828,61.8642692565918,,387.01544189453125,110.51155090332031,52.672733306884766,86.74088287353516,42.31904983520508,45.4115104675293,34.24638366699219,126.19973754882812
2023-01-27,143.3709259033203,59.869564056396484,37.384239196777344,39.079246520996094,2.819999933242798,37.324485778808594,83.52076721191406,240.83740234375,62.91831970214844,,387.9046936035156,110.67241668701172,52.59355163574219,86.79696655273438,42.31904983520508,45.759578704833984,34.24638366699219,125.34125518798828
2023-01-30,140.49234008789062,59.7218132019043,37.06570816040039,38.29396438598633,2.8299999237060547,37.22176742553711,83.56275177001953,235.5482177734375,60.79051208496094,,383.0377502441406,109.42327880859375,52.47914505004883,85.7406234741211,42.23820114135742,45.39235305786133,34.076332092285156,124.20912170410156
2023-01-31,141.75967407226562,59.92170715332031,37.74138259887695,38.21082305908203,2.809999942779541,37.32286834716797,83.62152862548828,240.49769592285156,59.401519775390625,,388.6696472167969,110.72920227050781,52.68153762817383,86.73152160644531,42.29209899902344,45.94159698486328,34.539249420166016,125.81293487548828
2023-02-01,142.87973022460938,60.17250442504883,38.503936767578125,38.68198776245117,2.869999885559082,37.49674606323242,83.65526580810547,245.2919464111328,61.66725158691406,,392.8003234863281,111.89318084716797,52.96546173095703,87.6756591796875,42.426849365234375,46.197052001953125,34.539249420166016,126.40729522705078
2023-02-02,148.17518615722656,60.45988845825195,38.513587951660156,38.45101547241211,2.7699999809265137,37.687686920166016,83.68894958496094,256.7922668457031,62.228755950927734,,398.5183410644531,113.0193099975586,52.97427749633789,88.38614654541016,42.408870697021484,45.86176681518555,34.633724212646484,125.54879760742188
2023-02-03,151.79061889648438,60.068023681640625,38.20470428466797,37.767364501953125,2.6600000858306885,37.4642448425293,83.65526580810547,250.72669982910156,61.48007583618164,,394.2824401855469,111.82693481445312,52.533409118652344,87.40458679199219,42.19329071044922,45.25185012817383,34.56759262084961,125.18084716796875
2023-02-06,149.06922912597656,59.74582290649414,38.26261901855469,37.21304702758789,2.619999885559082,37.22862243652344,83.68053436279297,249.19329833984375,59.0862922668457,,391.87286376953125,111.0036392211914,52.154266357421875,86.61935424804688,42.076507568359375,44.922943115234375,34.55814743041992,124.48274230957031
2023-02-07,151.93801879882812,59.59779739379883,38.21436309814453,37.36086654663086,2.6700000762939453,37.2261848449707,83.68894958496094,259.6649169921875,61.204254150390625,,396.998046875,112.28117370605469,52.101356506347656,87.54481506347656,42.19329071044922,45.01873016357422,34.95492172241211,125.28462982177734
2023-02-08,149.25587463378906,59.754547119140625,38.06957244873047,37.314674377441406,2.700000047683716,37.2001838684082,83.68894958496094,258.8594055175781,59.35226821899414,,392.6569519042969,111.2212905883789,52.224815368652344,86.82499694824219,42.29209899902344,44.77605056762695,34.747093200683594,124.91670989990234
2023-02-09,148.22434997558594,59.5716667175293,37.65450668334961,37.490211486816406,2.5999999046325684,37.14330291748047,83.68894958496094,255.84115600585938,59.2833137512207,,389.2529296875,110.54940795898438,52.05726623535156,86.39498901367188,42.22024154663086,45.1911735534668,34.3597526550293,123.82234191894531
2023-02-10,148.58839416503906,59.327842712402344,36.84369659423828,37.12990188598633,2.609999895095825,36.95318603515625,83.70584106445312,255.3365478515625,58.92867660522461,,390.16131591796875,110.55886840820312,51.898563385009766,86.236083984375,42.18430709838867,45.8936882019043,34.473121643066406,124.9921875
2023-02-13,151.3828582763672,59.501983642578125,37.25875473022461,37.43477249145508,2.549999952316284,37.009254455566406,83.7311019897461,263.31396484375,59.22420120239258,,394.74139404296875,111.7890853881836,51.96028518676758,87.18959045410156,42.19329071044922,46.593013763427734,34.869903564453125,126.02991485595703
2023-02-14,150.74325561523438,59.319122314453125,37.74138259887695,37.3701057434082,2.559999942779541,36.92394256591797,83.7311019897461,264.13885498046875,61.14516067504883,,394.5597229003906,111.93102264404297,51.731040954589844,87.24565887451172,42.13938903808594,46.45890808105469,34.68095779418945,125.28462982177734
2023-02-15,152.83909606933594,59.11885452270508,37.66416549682617,37.055992126464844,2.4700000286102295,36.875179290771484,83.75640869140625,262.0277099609375,60.918582916259766,,395.84100341796875,112.0918960571289,51.660499572753906,87.29241180419922,42.18430709838867,46.80378341674805,34.718753814697266,124.66200256347656
2023-02-16,151.24508666992188,58.97080993652344,36.94987487792969,37.06522750854492,2.4700000286102295,36.80531311035156,83.7985610961914,255.05178833007812,59.155242919921875,,390.3907470703125,110.87114715576172,51.58114242553711,86.46043395996094,42.148372650146484,46.0693244934082,34.36920166015625,123.41667938232422
2023-02-17,150.1036834716797,59.15367126464844,37.027099609375,36.65873718261719,2.4600000381469727,36.81911849975586,83.80697631835938,251.07249450683594,58.130741119384766,,389.4154052734375,110.6061782836914,51.695770263671875,86.26412200927734,42.16633987426758,46.76226043701172,34.37863540649414,124.52046203613281
2023-02-21,146.09893798828125,58.65731430053711,35.810874938964844,36.19680404663086,2.3299999237060547,36.5786247253418,83.80697631835938,245.82850646972656,56.74174499511719,,381.6034240722656,108.71353149414062,51.31661605834961,84.80582427978516,42.12143325805664,47.046470642089844,33.67010498046875,122.90724182128906
2023-02-22,146.5220489501953,58.77053451538086,35.7240104675293,36.021270751953125,2.25,36.67613220214844,83.80697631835938,244.69989013671875,56.130985260009766,,381.0775451660156,108.46749877929688,51.37834167480469,84.525390625,42.08548355102539,46.059749603271484,33.6323127746582,122.49212646484375
2023-02-23,147.0041961669922,58.97080993652344,36.22593688964844,36.19680404663086,2.240000009536743,36.82645797729492,83.8491439819336,247.8716278076172,57.8746223449707,,383.1046447753906,108.98796844482422,51.492977142333984,84.9740982055664,42.12143325805664,45.37319564819336,33.6606559753418,122.82235717773438
2023-02-24,144.35733032226562,58.70085144042969,36.06184387207031,35.38380813598633,2.240000009536743,36.70456314086914,83.80697631835938,242.47190856933594,57.3131103515625,,379.01214599609375,107.54955291748047,51.24608612060547,83.87100982666016,42.004642486572266,45.49452590942383,33.688995361328125,121.23738861083984
2023-02-27,145.54791259765625,58.674739837646484,36.525169372558594,35.568572998046875,2.25,36.772823333740234,83.832275390625,243.38644409179688,57.03728103637695,,380.3030700683594,108.22145080566406,51.3607063293457,84.33841705322266,42.076507568359375,45.165626525878906,33.67954635620117,120.86946868896484
2023-02-28,145.04611206054688,58.63987731933594,37.007789611816406,35.31913757324219,2.2699999809265137,36.7655029296875,83.80697631835938,242.66648864746094,56.958473205566406,,378.8974304199219,107.86184692382812,51.39596176147461,83.9738540649414,42.12143325805664,45.385955810546875,33.74567413330078,119.97323608398438
2023-03-01,142.9797821044922,58.42095184326172,37.1718864440918,36.07670211791992,2.3299999237060547,36.692848205566406,83.81542205810547,239.60177612304688,56.48563003540039,,377.4440002441406,107.71990203857422,51.11768341064453,84.1421127319336,42.094478607177734,44.75368881225586,33.6323127746582,119.77513122558594
2023-03-02,143.57015991210938,58.30753707885742,37.08501052856445,36.20603561401367,2.309999942779541,36.60715866088867,83.82389068603516,244.31072998046875,55.58918380737305,,380.3795166015625,108.33501434326172,50.99399948120117,84.58146667480469,42.13938903808594,44.86545181274414,33.47170639038086,120.51097106933594
2023-03-03,148.60806274414062,58.665199279785156,37.50006866455078,36.529396057128906,2.359999895095825,36.78672409057617,83.82389068603516,248.3775634765625,55.93396759033203,,386.48004150390625,110.02891540527344,51.223690032958984,85.79672241210938,42.30108642578125,44.91974639892578,34.00076675415039,121.86003875732422
2023-03-06,151.36314392089844,58.58668899536133,37.123619079589844,36.400054931640625,2.2799999713897705,36.78263473510742,83.8323745727539,249.9147491455078,55.98322296142578,,386.7477111816406,109.98160552978516,51.1618537902832,85.66584014892578,42.25617599487305,44.91334915161133,34.02909851074219,121.80345153808594
2023-03-07,149.16891479492188,58.534339904785156,37.712425231933594,35.79030990600586,2.140000104904175,36.6846923828125,83.82389068603516,247.2683868408203,54.73215103149414,,380.81939697265625,108.2403793334961,51.09117889404297,84.35710906982422,42.04955291748047,44.466304779052734,33.15049743652344,119.84115600585938
2023-03-08,150.4185028076172,58.569217681884766,38.349483489990234,35.9381217956543,2.109999895095825,36.58266830444336,83.8323745727539,246.83062744140625,56.042327880859375,,381.4408874511719,108.49589538574219,51.047000885009766,84.58146667480469,41.94176483154297,44.09907531738281,33.02768325805664,119.19965362548828
2023-03-09,148.17507934570312,58.68263626098633,37.152584075927734,35.14360046386719,2.0799999237060547,36.58757400512695,83.8408203125,245.4879913330078,54.77155303955078,,374.40338134765625,106.7925033569336,51.365047454833984,83.1885986328125,42.04057693481445,43.80210494995117,31.686166763305664,117.99208068847656
2023-03-10,146.11862182617188,59.328182220458984,35.95567321777344,34.958831787109375,2.130000114440918,36.770389556884766,83.91688537597656,241.8589630126953,54.11153793334961,,369.0009460449219,105.27838897705078,52.02766036987305,82.03878784179688,42.22024154663086,43.73823928833008,31.10988998413086,117.12415313720703
2023-03-13,148.05703735351562,59.94755935668945,34.44021987915039,35.01426315307617,2.3499999046325684,36.945884704589844,84.00148010253906,247.04466247558594,53.09688186645508,,368.4750061035156,104.9755630493164,52.65492248535156,81.77704620361328,42.49871826171875,43.865962982177734,29.88174057006836,118.21849060058594
2023-03-14,150.14303588867188,59.607330322265625,34.23752212524414,35.03274154663086,2.359999895095825,37.04791259765625,83.79005432128906,253.7286376953125,53.461368560791016,,374.5659484863281,106.5748519897461,52.292701721191406,82.8614273071289,42.4448127746582,44.09907531738281,30.48636817932129,119.27511596679688
2023-03-15,150.53660583496094,60.15690994262695,32.075347900390625,34.43223190307617,2.3499999046325684,36.983428955078125,83.88308715820312,258.252685546875,53.323463439941406,,372.2232971191406,105.07966613769531,52.92879867553711,81.59007263183594,42.75023651123047,44.590843200683594,29.67390251159668,119.17134094238281
2023-03-16,153.35073852539062,59.860328674316406,32.53867721557617,34.958831787109375,2.359999895095825,37.02015686035156,83.81542205810547,268.72137451171875,55.72709655761719,,378.7540283203125,106.8303451538086,52.531246185302734,82.945556640625,42.48973083496094,44.33753204345703,30.240737915039062,120.28455352783203
2023-03-17,152.51437377929688,60.287757873535156,31.81473731994629,34.7463493347168,2.490000009536743,37.043819427490234,83.79852294921875,271.8638916015625,55.815765380859375,,374.3252868652344,105.57173919677734,53.04365539550781,81.9639892578125,42.59752655029297,44.69664764404297,29.267669677734375,118.73736572265625
2023-03-20,154.87588500976562,60.078392028808594,31.988479614257812,34.87569046020508,2.5399999618530273,37.05198669433594,83.8408203125,264.8589172363281,56.78115463256836,,377.9247131347656,106.72626495361328,52.85813522338867,82.85027313232422,42.61549377441406,45.1776008605957,29.593318939208984,120.2423095703125
2023-03-21,156.7257537841797,59.869022369384766,32.71242141723633,35.189796447753906,2.4200000762939453,37.019351959228516,83.79852294921875,266.3669128417969,57.756404876708984,,382.8870849609375,108.24983215332031,52.487064361572266,83.93818664550781,42.516685485839844,45.02369689941406,30.34335708618164,120.9715576171875
2023-03-22,155.2989959716797,60.21797561645508,31.631336212158203,35.328372955322266,2.5,37.09688186645508,83.80696868896484,264.917236328125,57.30324935913086,,376.3601989746094,106.84928894042969,53.034828186035156,82.97220611572266,42.7951545715332,44.73512268066406,29.640790939331055,119.14369201660156
2023-03-23,156.38134765625,60.44478988647461,31.023225784301758,35.81801986694336,2.5399999618530273,37.27237319946289,83.90001678466797,270.141845703125,60.426021575927734,,377.37762451171875,107.01960754394531,53.35285568237305,83.16915893554688,42.96583557128906,45.09743118286133,29.44141387939453,118.91636657714844
2023-03-24,157.68020629882812,60.49713134765625,30.492334365844727,35.72563552856445,2.569999933242798,37.27074432373047,83.9930191040039,272.9730529785156,60.24871063232422,,379.85400390625,107.33190155029297,53.3351936340332,83.37548065185547,42.86701965332031,45.46617889404297,29.42242431640625,120.5643081665039
2023-03-27,155.74180603027344,59.991188049316406,31.01357078552246,35.5316276550293,2.619999885559082,37.14993667602539,83.89154815673828,268.896484375,58.89912414550781,,380.56427001953125,107.8429183959961,52.840457916259766,83.6943588256836,42.75023651123047,46.22607421875,29.830673217773438,121.05680084228516
2023-03-28,155.1219024658203,59.95626449584961,31.341754913330078,36.03974151611328,2.7100000381469727,37.03159713745117,83.88308715820312,267.7777404785156,58.39672088623047,,379.7100524902344,107.75775146484375,52.76094055175781,83.77875518798828,42.759220123291016,46.04652786254883,29.821178436279297,120.32752990722656
2023-03-29,158.19186401367188,59.93881607055664,32.16222381591797,36.14136505126953,2.700000047683716,37.11240005493164,83.86619567871094,272.9145812988281,62.59324645996094,,385.2290954589844,109.21509552001953,52.69026184082031,84.81040954589844,42.80413055419922,46.24532699584961,30.257911682128906,120.65901184082031
2023-03-30,159.75636291503906,59.94755935668945,32.92477035522461,36.501670837402344,2.7699999809265137,37.16217041015625,83.8746337890625,276.3587646484375,62.14994812011719,,387.4846496582031,110.010009765625,52.752105712890625,85.4668960571289,42.82209396362305,46.70703125,30.191452026367188,121.31250762939453
2023-03-31,162.25563049316406,60.174354553222656,33.70662307739258,36.45547866821289,2.7100000381469727,37.36215591430664,83.93382263183594,280.4937744140625,59.44092559814453,,392.94610595703125,111.35377502441406,52.972984313964844,86.36724090576172,42.956851959228516,47.27776336669922,30.52374839782715,122.61003112792969
2023-04-03,163.50527954101562,60.39986038208008,33.19504928588867,36.529396057128906,2.8299999237060547,37.454803466796875,83.98477935791016,279.4527282714844,58.72180938720703,,394.4435119628906,111.87425994873047,53.1633186340332,86.77052307128906,43.00088882446289,47.67534637451172,30.580707550048828,123.98330688476562
2023-04-04,162.97393798828125,60.54845428466797,32.741371154785156,36.529396057128906,2.9100000858306885,37.54910659790039,84.03570556640625,279.4040222167969,56.41667175292969,,392.25506591796875,111.44839477539062,53.44662094116211,86.40475463867188,43.081783294677734,47.20722198486328,30.295888900756836,124.00222778320312
2023-04-05,161.1339111328125,60.688331604003906,32.2973518371582,36.24300003051758,2.930000066757202,37.54499053955078,84.13758087158203,276.6409606933594,56.170387268066406,,391.2280578613281,110.96578979492188,53.57943344116211,85.98271942138672,43.099761962890625,47.98957824707031,30.257911682128906,126.14263916015625
2023-04-06,162.01951599121094,60.65335464477539,32.51936340332031,36.390811920166016,2.930000066757202,37.602394104003906,84.12063598632812,283.70440673828125,57.80402374267578,,392.754150390625,111.36324310302734,53.58827209472656,86.26407623291016,43.126731872558594,48.35189437866211,30.37183952331543,126.45518493652344
2023-04-10,159.431640625,60.31246566772461,32.78964614868164,36.42776870727539,2.9100000858306885,37.463008880615234,84.13758087158203,281.55426025390625,62.45323181152344,,393.15728759765625,111.46733093261719,53.189876556396484,86.36724090576172,42.991905212402344,48.258907318115234,30.43830108642578,126.36994934082031
2023-04-11,158.22137451171875,60.31246566772461,33.37845230102539,36.64949417114258,3.0299999713897705,37.44660949707031,84.14611053466797,275.1718444824219,62.74935531616211,,393.2628479003906,111.60929107666016,53.1633186340332,86.57357025146484,43.0098762512207,48.11783218383789,30.704133987426758,126.79617309570312
2023-04-12,157.53262329101562,60.32120132446289,32.567630767822266,36.390811920166016,3.0999999046325684,37.5179443359375,84.17155456542969,275.81396484375,61.16013717651367,,391.6599426269531,111.51465606689453,53.32267379760742,86.45164489746094,42.97392272949219,47.88376998901367,30.637678146362305,126.83403015136719
2023-04-13,162.90505981445312,60.32120132446289,32.210487365722656,36.88970184326172,3.1700000762939453,37.62698745727539,84.19702911376953,281.99200439453125,62.18671798706055,,396.8621826171875,113.00983428955078,53.23413848876953,87.58647155761719,42.93797302246094,47.931861877441406,30.91301155090332,128.4819793701172
2023-04-14,162.56069946289062,60.05897903442383,32.596588134765625,36.695682525634766,3.0999999046325684,37.49171447753906,84.17155456542969,278.39215087890625,61.82148361206055,,395.892822265625,112.744873046875,53.02166748046875,87.31446838378906,42.91100311279297,47.6080207824707,31.216819763183594,127.44964599609375
2023-04-17,162.58033752441406,59.82298278808594,33.38808822631836,36.85274124145508,3.049999952316284,37.35642623901367,84.19702911376953,280.980224609375,61.73265075683594,,397.3133544921875,112.90575408935547,52.76492691040039,87.52082061767578,42.82111740112305,47.94148635864258,31.577594757080078,127.34544372558594
2023-04-18,163.8004608154297,59.90163803100586,34.131343841552734,36.80655288696289,3.0199999809265137,37.3441162109375,84.20550537109375,280.5618591308594,61.13051986694336,,397.5725402832031,113.19910430908203,52.81804656982422,87.6708755493164,42.83909606933594,48.04729461669922,31.67254066467285,126.47413635253906
2023-04-19,164.9418487548828,59.81422805786133,34.68153381347656,36.43700408935547,2.950000047683716,37.27851486206055,84.20550537109375,280.63970947265625,59.86704635620117,,397.5053405761719,113.02877044677734,52.72950744628906,87.46452331542969,42.8121337890625,48.09859085083008,31.74850082397461,126.86244201660156
2023-04-20,163.97755432128906,60.05023956298828,33.43635559082031,36.38157653808594,2.940000057220459,37.364620208740234,84.23098754882812,278.3630065917969,60.666595458984375,,395.3360900878906,112.58399963378906,52.95969772338867,87.14566040039062,42.884037017822266,48.40640640258789,31.653549194335938,126.3415298461914
2023-04-21,162.3737335205078,59.91914367675781,33.13713073730469,36.03974151611328,2.859999895095825,37.40151596069336,84.2564468383789,278.0224914550781,60.34084701538086,,395.6431884765625,112.8205795288086,52.8800163269043,87.17379760742188,42.91100311279297,48.650089263916016,31.53962516784668,127.19391632080078
2023-04-24,162.67874145507812,60.05897903442383,32.93442153930664,35.95659637451172,2.859999895095825,37.4605598449707,84.28194427490234,274.1405334472656,58.741764068603516,,396.0559387207031,112.95305633544922,53.06594467163086,87.2676010131836,43.00088882446289,48.980342864990234,31.463674545288086,127.90424346923828
2023-04-25,161.14376831054688,60.45232009887695,31.959518432617188,35.28218078613281,2.859999895095825,37.60976791381836,84.34983825683594,267.9625244140625,57.38944625854492,,389.76904296875,111.18343353271484,53.508602142333984,85.84204864501953,43.099761962890625,48.598785400390625,30.92249870300293,126.5404281616211
2023-04-26,161.1339111328125,60.24253845214844,31.612024307250977,35.48542785644531,2.869999885559082,37.6163330078125,84.34983825683594,287.37225341796875,60.232269287109375,,388.1181335449219,110.82383728027344,53.3669319152832,85.65446472167969,43.0548210144043,48.38716506958008,30.628183364868164,124.7409896850586
2023-04-27,165.70933532714844,60.01526641845703,32.171875,35.96583938598633,2.869999885559082,37.574520111083984,84.35834503173828,296.5762023925781,61.100914001464844,,395.8448181152344,112.78272247314453,53.06594467163086,87.08001708984375,42.964935302734375,48.537872314453125,31.121883392333984,125.39444732666016
2023-04-28,166.95896911621094,60.43482208251953,33.11782455444336,36.150611877441406,2.8499999046325684,37.64994812011719,84.3923110961914,298.9403381347656,63.52915573120117,,399.223388671875,113.3599853515625,53.358089447021484,87.59583282470703,43.00088882446289,48.40640640258789,31.492151260375977,126.46464538574219
2023-05-01,166.8704071044922,60.0179557800293,33.513580322265625,36.0305061340332,2.930000066757202,37.55606460571289,84.45193481445312,297.2864074707031,61.545101165771484,,398.82037353515625,113.24642181396484,52.942909240722656,87.49266815185547,42.87504577636719,48.60519790649414,31.40670394897461,127.11817169189453
2023-05-02,165.83726501464844,60.53467559814453,33.330177307128906,35.679447174072266,3.059999942779541,37.64665603637695,84.44345092773438,297.1405029296875,61.100914001464844,,394.337890625,112.01620483398438,53.44856262207031,86.50791931152344,43.027854919433594,48.47373962402344,30.694643020629883,126.56883239746094
2023-05-03,164.7647705078125,60.604740142822266,32.944087982177734,35.62401580810547,3.0899999141693115,37.78667449951172,84.49455261230469,296.15777587890625,60.123695373535156,,391.631103515625,111.53357696533203,53.750186920166016,86.20780944824219,43.126731872558594,48.294185638427734,30.34335708618164,126.39839935302734
2023-05-04,163.13137817382812,60.62223815917969,31.930564880371094,35.91040802001953,3.2100000381469727,37.80891036987305,84.51158905029297,297.1405029296875,59.72885513305664,,388.8572082519531,110.99417114257812,53.80343246459961,85.90769958496094,43.14470672607422,48.42936325073242,29.954097747802734,125.39444732666016
2023-05-05,170.78659057617188,60.403297424316406,32.76068115234375,36.390811920166016,3.240000009536743,37.811378479003906,84.49455261230469,302.2386169433594,60.43955993652344,,396.0559387207031,112.94359588623047,53.54615783691406,87.3707504272461,43.099761962890625,48.847774505615234,30.694643020629883,126.52149200439453
2023-05-08,170.7177276611328,60.17560958862305,33.011653900146484,36.4092903137207,3.240000009536743,37.6672477722168,84.52013397216797,300.292724609375,60.084205627441406,,396.16156005859375,112.99090576171875,53.32437515258789,87.41764068603516,43.0548210144043,49.153526306152344,30.742116928100586,126.24681854248047
2023-05-09,169.0154571533203,60.13180160522461,33.011653900146484,36.187564849853516,3.2799999713897705,37.61371994018555,84.57977294921875,298.68743896484375,60.1434326171875,,394.4242858886719,112.52721405029297,53.28001022338867,87.0612564086914,43.027854919433594,49.23720932006836,30.628183364868164,125.40393829345703
2023-05-10,170.77674865722656,60.420799255371094,32.62553787231445,36.169090270996094,3.299999952316284,37.78255844116211,84.5968246459961,303.8536376953125,59.215572357177734,,396.2672119140625,112.8016357421875,53.60825729370117,87.23944091796875,43.063812255859375,49.09881591796875,30.45728874206543,125.75437927246094
2023-05-11,170.9636993408203,60.63101577758789,32.065696716308594,36.03974151611328,3.1600000858306885,37.80313491821289,84.6053237915039,301.71319580078125,60.814659118652344,,395.5760803222656,112.53668212890625,53.70584487915039,87.03312683105469,43.072792053222656,49.28227996826172,30.40981674194336,125.36604309082031
2023-05-12,170.03750610351562,60.368282318115234,32.075347900390625,35.61477279663086,3.240000009536743,37.75372314453125,84.5968246459961,300.6040954589844,60.1335563659668,,395.0577392578125,112.37580871582031,53.46631622314453,86.78927612304688,42.964935302734375,49.266178131103516,30.286396026611328,125.19557189941406
2023-05-15,169.5448760986328,60.28068161010742,32.5483283996582,36.27070999145508,3.2100000381469727,37.708438873291016,84.64791870117188,301.0808410644531,63.805538177490234,,396.42071533203125,113.04769134521484,53.42196273803711,87.380126953125,42.97392272949219,48.883174896240234,30.533241271972656,124.97773742675781
2023-05-16,169.5448760986328,60.12305450439453,32.64484405517578,36.01203155517578,2.9200000762939453,37.638427734375,84.64791870117188,303.2990417480469,62.907283782958984,,393.7715759277344,112.07298278808594,53.29776382446289,86.62984466552734,42.91999816894531,48.2072868347168,30.248416900634766,123.9359359741211
2023-05-17,170.15574645996094,60.079246520996094,34.68153381347656,36.17832565307617,2.759999990463257,37.60466003417969,84.68199920654297,306.1657409667969,64.08192443847656,,398.5515441894531,113.14231872558594,53.12920379638672,87.44576263427734,42.90201950073242,48.12682342529297,30.856040954589844,124.08747863769531
2023-05-18,172.4811248779297,59.816532135009766,34.6429328918457,35.98431396484375,2.7300000190734863,37.50252151489258,84.69054412841797,310.5728759765625,66.69770812988281,,402.390869140625,113.87100219726562,52.880828857421875,87.91470336914062,42.83909606933594,48.75120544433594,31.08390235900879,123.7844009399414
2023-05-19,172.5894775390625,59.74646759033203,34.35335159301758,36.01203155517578,2.7699999809265137,37.427581787109375,84.71611785888672,310.3974304199219,67.28997039794922,,401.805419921875,113.92778015136719,52.71226501464844,87.9240951538086,42.7851676940918,48.24912643432617,30.950979232788086,124.36214447021484
2023-05-22,171.64358520507812,59.73768997192383,34.22785949707031,36.30766296386719,2.75,37.436641693115234,84.73316192626953,313.1665344238281,65.37501525878906,,401.968505859375,114.00347900390625,52.676788330078125,88.06476593017578,42.7851676940918,47.82427215576172,31.007953643798828,124.4852294921875
2023-05-23,169.0423126220703,59.74646759033203,34.66222381591797,35.744110107421875,2.869999885559082,37.416046142578125,84.7416763305664,307.394287109375,65.1578598022461,,397.45733642578125,112.64077758789062,52.730010986328125,86.95808410644531,42.8121337890625,47.734161376953125,30.647171020507812,123.1214370727539
2023-05-24,169.3181915283203,59.63261032104492,33.716278076171875,35.476192474365234,2.799999952316284,37.3748664855957,84.7416763305664,306.0194091796875,65.671142578125,,394.57781982421875,111.58090209960938,52.62355422973633,86.1796646118164,42.73123550415039,47.515296936035156,30.248416900634766,122.27853393554688
2023-05-25,170.4513702392578,59.38737869262695,34.50778579711914,35.402286529541016,2.6500000953674316,37.168975830078125,84.7672348022461,317.788330078125,68.71138763427734,,397.9948425292969,112.05406188964844,52.330810546875,86.4422607421875,42.60540771484375,47.042179107666016,30.238924026489258,121.02837371826172
2023-05-26,172.85552978515625,59.49248123168945,34.6429328918457,36.0305061340332,2.690000057220459,37.18543243408203,84.78427124023438,324.58441162109375,72.97561645507812,,403.1491394042969,113.4735336303711,52.32194900512695,87.49266815185547,42.57843017578125,47.125850677490234,30.48577117919922,120.78211975097656
2023-05-30,174.69808959960938,59.91288757324219,35.019371032714844,35.61477279663086,2.6500000953674316,37.33369064331055,84.86949157714844,322.9463195800781,70.7645263671875,,403.3027648925781,113.10447692871094,52.650177001953125,87.18317413330078,42.67729949951172,47.00998306274414,30.476274490356445,120.033935546875
2023-05-31,174.6488494873047,60.14057540893555,35.0676383972168,35.28218078613281,2.700000047683716,37.40370178222656,84.8609619140625,320.1966857910156,67.31959533691406,,401.0662841796875,112.23385620117188,52.792118072509766,86.53605651855469,42.722251892089844,47.27069091796875,30.153472900390625,121.06626892089844
2023-06-01,177.4471435546875,60.245872497558594,35.11589813232422,35.91040802001953,2.880000114440918,37.506290435791016,84.91230773925781,324.2821350097656,68.19807434082031,,404.8768615722656,113.58708953857422,52.92457580566406,87.61458587646484,42.776180267333984,47.44448471069336,30.476274490356445,121.86180877685547
2023-06-02,178.2945098876953,60.00014877319336,35.7240104675293,36.529396057128906,2.8399999141693115,37.53357696533203,84.93798828125,327.03179931640625,68.27706909179688,,410.7318115234375,115.29048919677734,52.57784652709961,88.9838638305664,42.67729949951172,47.8983039855957,31.140867233276367,123.42451477050781
2023-06-05,176.9446563720703,59.92994689941406,35.810874938964844,36.52015686035156,2.930000066757202,37.44424057006836,84.9636459350586,327.5583190917969,66.89512634277344,,409.9447937011719,114.94033813476562,52.58674240112305,88.68376159667969,42.74021530151367,48.213722229003906,30.97946548461914,123.86964416503906
2023-06-06,176.58004760742188,59.99137496948242,36.33210372924805,36.843509674072266,3.009999990463257,37.45665740966797,84.98075866699219,325.3547058105469,66.6681137084961,,410.8373718261719,115.43243408203125,52.57784652709961,89.20894622802734,42.71326446533203,48.2072868347168,31.36873435974121,122.83729553222656
2023-06-07,175.21044921875,59.68423080444336,36.901607513427734,36.68522262573242,2.9000000953674316,37.36978530883789,84.98930358886719,315.31158447265625,66.19429779052734,,409.4168395996094,114.81136322021484,52.346710205078125,88.82443237304688,42.66831970214844,48.27809143066406,31.492151260375977,122.35430908203125
2023-06-08,177.9201202392578,59.94749069213867,37.751041412353516,36.94593048095703,2.990000009536743,37.47319412231445,85.04920196533203,317.1447448730469,64.47676849365234,,411.89324951171875,115.56619262695312,52.58674240112305,89.36837768554688,42.74021530151367,48.97651290893555,31.463674545288086,123.14039611816406
2023-06-09,178.3043670654297,59.89483642578125,37.915130615234375,37.113521575927734,2.930000066757202,37.42769241333008,85.04065704345703,318.6365966796875,64.5853500366211,,412.6322326660156,115.69996643066406,52.41781997680664,89.47154235839844,42.65933609008789,49.272621154785156,31.473161697387695,123.51922607421875
2023-06-12,181.0928192138672,59.99137496948242,38.80316925048828,37.18801498413086,2.9000000953674316,37.44837188720703,85.07486724853516,323.5704040527344,66.57926177978516,,416.37567138671875,116.59812927246094,52.5067253112793,90.07177734375,42.69528579711914,49.597694396972656,31.463674545288086,123.96434783935547
2023-06-13,180.61985778808594,59.74565505981445,40.115909576416016,37.560455322265625,2.8399999141693115,37.411128997802734,85.06633758544922,325.9494934082031,66.99384307861328,,419.1207580566406,117.47715759277344,52.231117248535156,90.7751693725586,42.59640884399414,49.98391342163086,31.653549194335938,124.58942413330078
2023-06-14,181.25048828125,59.754425048828125,40.72401428222656,37.83977508544922,2.8499999046325684,37.36151123046875,85.08342742919922,328.9233703613281,68.22770690917969,,419.6198425292969,117.69693756103516,52.22223663330078,90.91585540771484,42.614383697509766,50.48923110961914,31.530128479003906,123.31087493896484
2023-06-15,183.28030395507812,59.97384262084961,41.390037536621094,38.19359588623047,2.869999885559082,37.506290435791016,85.1176528930664,339.4149169921875,67.93157196044922,,424.82220458984375,119.14927673339844,52.54228973388672,91.96624755859375,42.75819778442383,50.76601791381836,31.947874069213867,125.22398376464844
2023-06-16,182.20626831054688,59.92116165161133,41.30316925048828,38.0632438659668,2.9100000858306885,37.485595703125,85.15186309814453,333.78887939453125,66.78656005859375,,423.3751525878906,118.75752258300781,52.346710205078125,91.70364379882812,42.69528579711914,50.05794143676758,31.881418228149414,125.21452331542969
2023-06-20,182.29495239257812,60.06160354614258,41.003936767578125,37.31836700439453,2.6700000762939453,37.452510833740234,85.17754364013672,329.6156311035156,66.03636932373047,,421.1785583496094,117.7542724609375,52.43560791015625,90.79729461669922,42.69528579711914,49.61699676513672,31.64299201965332,125.07379913330078
2023-06-21,181.26036071777344,60.105445861816406,41.30316925048828,37.14145278930664,2.630000114440918,37.43183135986328,85.21176147460938,325.2377014160156,64.95056915283203,,419.0205993652344,117.43895721435547,52.4622688293457,90.51404571533203,42.69528579711914,49.71356201171875,31.60484504699707,125.0927963256836
2023-06-22,184.25570678710938,59.83342742919922,41.44795608520508,37.011104583740234,2.569999933242798,37.357364654541016,85.23744201660156,331.23419189453125,65.39476013183594,,420.5331115722656,117.41983032226562,52.275569915771484,90.47628021240234,42.66831970214844,50.12874984741211,31.356891632080078,125.94866943359375
2023-06-23,183.94044494628906,60.07913589477539,41.3707389831543,36.471065521240234,2.5799999237060547,37.378047943115234,85.26309204101562,326.6612548828125,64.43727111816406,,417.3538818359375,116.36881256103516,52.38226318359375,89.48493957519531,42.69528579711914,50.03541946411133,31.223373413085938,125.53025817871094
2023-06-26,182.55113220214844,60.166893005371094,41.64100646972656,36.59210968017578,2.5999999046325684,37.411128997802734,85.28023529052734,320.40142822265625,64.6050796508789,,415.6487121582031,116.12992858886719,52.48895263671875,89.42830657958984,42.70426940917969,49.90345001220703,31.156618118286133,124.81700134277344
2023-06-27,185.3001708984375,60.070350646972656,44.488502502441406,36.96454620361328,2.5299999713897705,37.40369415283203,85.29734802246094,326.22247314453125,65.92779541015625,,420.2055358886719,117.33385467529297,52.32892608642578,90.3441162109375,42.65933609008789,49.723209381103516,31.404571533203125,124.53170013427734
2023-06-28,186.47271728515625,60.22832489013672,45.08695983886719,36.74108123779297,2.5,37.51869583129883,85.29734802246094,327.4705810546875,66.20416259765625,,420.41754150390625,117.35295867919922,52.48895263671875,90.39131164550781,42.70426940917969,49.99357223510742,31.32828140258789,124.1323013305664
2023-06-29,186.80770874023438,59.903621673583984,44.700862884521484,36.545555114746094,2.5899999141693115,37.357364654541016,85.31443786621094,326.6905517578125,63.499549865722656,,422.07452392578125,117.69693756103516,52.10665512084961,90.56124877929688,42.57843017578125,49.65562057495117,31.87187385559082,124.94062805175781
2023-06-30,191.1234588623047,60.04402160644531,45.888118743896484,36.834190368652344,2.630000114440918,37.39459228515625,85.35722351074219,332.04351806640625,62.295291900634766,,427.0553283691406,118.97727966308594,52.151123046875,91.56202697753906,42.623374938964844,50.58900451660156,32.148441314697266,126.22443389892578
2023-07-03,189.63563537597656,59.87957763671875,46.29352569580078,37.243873596191406,2.7100000381469727,37.374656677246094,85.38301086425781,329.55712890625,63.075103759765625,,427.546630859375,119.24482727050781,51.997859954833984,91.85472106933594,42.62246322631836,50.91728973388672,32.329647064208984,125.18787384033203
2023-07-05,188.52220153808594,59.66852951049805,46.83406448364258,37.020408630371094,2.640000104904175,37.291542053222656,85.40876770019531,329.71319580078125,61.25885009765625,,426.91082763671875,118.63330841064453,51.84638595581055,91.33544158935547,42.56813049316406,50.888328552246094,32.262882232666016,125.12133026123047
2023-07-06,188.9951629638672,59.3607292175293,45.68540954589844,36.26622772216797,2.569999933242798,37.11701202392578,85.42597961425781,332.7552795410156,60.43955993652344,,423.56781005859375,117.30519104003906,51.561279296875,90.21194458007812,42.46852111816406,50.56646728515625,31.986316680908203,124.12278747558594
2023-07-07,187.8817138671875,59.32554244995117,46.216312408447266,36.675907135009766,2.619999885559082,37.12948226928711,85.47753143310547,328.806396484375,59.97970199584961,,422.49847412109375,117.40074157714844,51.561279296875,90.44795227050781,42.495697021484375,49.401363372802734,32.034000396728516,122.6772689819336
2023-07-10,185.84210205078125,59.387107849121094,46.77614974975586,36.70383834838867,2.700000047683716,37.28654098510742,85.5033187866211,323.5508117675781,61.78947448730469,,423.56781005859375,117.76380920410156,51.801849365234375,90.73119354248047,42.550025939941406,49.84873580932617,32.17705154418945,123.64729309082031
2023-07-11,185.31988525390625,59.448673248291016,46.96919631958008,37.07627487182617,2.690000057220459,37.346405029296875,85.52046966552734,324.17486572265625,62.897098541259766,,426.2652893066406,118.65242767333984,51.83749008178711,91.51483154296875,42.51381301879883,49.77471160888672,32.55852127075195,123.67581176757812
2023-07-12,186.98507690429688,59.80042266845703,46.28386688232422,37.90494918823242,2.9100000858306885,37.61152267456055,85.54627227783203,328.7868957519531,63.08500671386719,,429.6949768066406,119.94232940673828,52.238433837890625,92.5816879272461,42.722076416015625,49.90024185180664,32.768333435058594,123.34295654296875
2023-07-13,187.7437744140625,60.17858123779297,46.052207946777344,38.3984375,2.9000000953674316,37.81846237182617,85.58064270019531,334.110595703125,63.81681823730469,,433.1054992675781,121.32779693603516,52.61265182495117,93.64857482910156,42.85790252685547,49.60734939575195,32.882774353027344,123.39054107666016
2023-07-14,187.89161682128906,59.98509216308594,44.9688606262207,38.18428039550781,2.890000104904175,37.63228225708008,85.56344604492188,336.6263427734375,63.371795654296875,,432.83575439453125,121.00292205810547,52.3720817565918,93.30867767333984,42.713016510009766,49.77792739868164,32.663429260253906,125.24494934082031
2023-07-17,191.1431427001953,60.03788375854492,45.268707275390625,38.23084259033203,2.890000104904175,37.705421447753906,85.59783172607422,337.1040344238281,64.43986511230469,,434.338623046875,121.27045440673828,52.443359375,93.57302856445312,42.749237060546875,49.839088439941406,32.9781494140625,124.67436981201172
2023-07-18,190.88697814941406,60.20497131347656,46.7873420715332,37.951507568359375,2.930000066757202,37.7486457824707,85.61502075195312,350.5207214355469,64.2222900390625,,437.5660095214844,122.23550415039062,52.4700813293457,94.1395263671875,42.722076416015625,49.74897003173828,33.350074768066406,125.5968017578125
2023-07-19,192.2368621826172,60.284122467041016,46.961456298828125,37.87702178955078,2.9100000858306885,37.77191925048828,85.64080047607422,346.2207336425781,64.24205780029297,,438.5390930175781,122.39794158935547,52.568092346191406,94.22449493408203,42.7673454284668,49.76505661010742,33.493125915527344,126.1769027709961
2023-07-20,190.2957763671875,60.029083251953125,47.09687042236328,37.597694396972656,2.8299999237060547,37.64891052246094,85.69235229492188,338.215576171875,63.975040435791016,,435.62957763671875,121.66220092773438,52.29188537597656,93.58248138427734,42.749237060546875,50.685550689697266,33.741085052490234,128.26907348632812
2023-07-21,189.12322998046875,60.12582015991211,46.961456298828125,37.54182815551758,2.819999933242798,37.669700622558594,85.70954132080078,335.19293212890625,64.92444610595703,,435.62957763671875,121.72909545898438,52.3007926940918,93.62024688720703,42.75829315185547,50.97201156616211,33.62664031982422,129.56240844726562
2023-07-24,189.92137145996094,60.06425476074219,45.92646789550781,38.053932189941406,2.799999952316284,37.623985290527344,85.70954132080078,336.4994812011719,64.7563247680664,,437.57568359375,121.91062927246094,52.193885803222656,93.96012878417969,42.79450988769531,51.27132797241211,33.950889587402344,129.27711486816406
2023-07-25,190.77857971191406,60.02028274536133,44.92049026489258,38.37049865722656,2.8399999141693115,37.58242416381836,85.77828216552734,342.2230529785156,64.95410919189453,,438.7702941894531,122.22594451904297,52.131500244140625,94.24337005615234,42.75829315185547,51.229496002197266,33.73154830932617,129.2200469970703
2023-07-26,191.6456756591797,60.15218734741211,44.91082000732422,38.59396743774414,2.7799999713897705,37.6655387878418,85.76970672607422,329.3426208496094,66.63532257080078,,438.83770751953125,122.31193542480469,52.26517105102539,94.4133071899414,42.8126220703125,51.4129524230957,33.93181610107422,129.13446044921875
2023-07-27,190.3844451904297,59.77405548095703,44.25306701660156,38.119110107421875,2.5899999141693115,37.48268508911133,85.78687286376953,322.4685363769531,70.28453063964844,,435.9282531738281,121.5571060180664,51.90877151489258,93.79017639160156,42.722076416015625,51.22627258300781,33.502662658691406,128.18345642089844
2023-07-28,192.95616149902344,59.941131591796875,44.224056243896484,39.0408935546875,2.609999895095825,37.59906005859375,85.83847045898438,329.9276428222656,70.41310119628906,,440.1960754394531,122.7228012084961,52.060237884521484,94.76265716552734,42.79450988769531,51.467655181884766,33.569419860839844,128.56387329101562
2023-07-31,193.56704711914062,59.941131591796875,44.74638366699219,39.05951690673828,2.7200000286102295,37.614009857177734,85.87284851074219,327.5388488769531,70.60099029541016,,441.03424072265625,122.81834411621094,52.10477828979492,94.9703369140625,42.83074188232422,51.45157241821289,33.69339370727539,127.57485961914062
2023-08-01,192.73941040039062,59.66529083251953,43.91452407836914,38.56603240966797,2.5999999046325684,37.38692092895508,85.89006042480469,327.94830322265625,69.97796630859375,,439.77215576171875,122.21639251708984,51.924415588378906,94.3944320678711,42.75829315185547,51.210182189941406,33.69339370727539,126.90918731689453
2023-08-02,189.75384521484375,59.59479904174805,43.334144592285156,37.64424133300781,2.509999990463257,37.33683395385742,85.89872741699219,319.3288269042969,67.41658020019531,,433.6546325683594,120.29586029052734,51.906558990478516,92.81771850585938,42.740177154541016,51.245582580566406,33.40729522705078,126.99476623535156
2023-08-03,188.3645477294922,59.330387115478516,42.744117736816406,37.7932243347168,2.4700000286102295,37.2491569519043,85.93323516845703,318.5098571777344,68.41542053222656,,432.41180419921875,119.93276977539062,51.701168060302734,92.61946105957031,42.694908142089844,51.25845718383789,33.42637634277344,126.35758209228516
2023-08-04,179.3192901611328,59.67409133911133,43.13103103637695,37.74666976928711,2.4800000190734863,37.42866897583008,85.99362182617188,319.60186767578125,69.13735961914062,,430.4561462402344,119.64613342285156,52.09406661987305,92.44950866699219,42.8669548034668,50.96235275268555,33.2928581237793,125.9106216430664
2023-08-07,176.22532653808594,59.56831741333008,43.759765625,37.690799713134766,2.430000066757202,37.46623229980469,85.96772766113281,321.873779296875,68.61321258544922,,434.21337890625,120.66851043701172,52.03156661987305,93.12928009033203,42.903175354003906,51.65433883666992,33.76015853881836,127.36563110351562
2023-08-08,177.16140747070312,59.841556549072266,44.29176330566406,37.23456573486328,2.4100000858306885,37.51215362548828,86.0108642578125,317.9150695800781,66.90232849121094,,432.32513427734375,120.05699157714844,52.18336486816406,92.55337524414062,42.903175354003906,51.70582580566406,33.45498275756836,128.34515380859375
2023-08-09,175.5750274658203,59.823936462402344,43.5566291809082,37.327674865722656,2.390000104904175,37.552223205566406,86.00225067138672,314.1903991699219,65.96283721923828,,429.43487548828125,119.44547271728516,52.174442291259766,92.17572021484375,42.89411926269531,51.789512634277344,33.20702362060547,128.30706787109375
2023-08-10,175.35826110839844,59.55952835083008,43.39219665527344,37.383544921875,2.369999885559082,37.449527740478516,86.0540542602539,314.8728942871094,64.71675872802734,,429.58905029296875,119.59835052490234,51.9422607421875,92.31734466552734,42.83074188232422,51.763675689697266,33.23563766479492,128.22152709960938
2023-08-11,175.41746520996094,59.40088653564453,42.724761962890625,36.834190368652344,2.309999942779541,37.353511810302734,86.07991027832031,313.0007629394531,63.658592224121094,,429.338623046875,119.31170654296875,51.727962493896484,91.98690032958984,42.80356979370117,52.067298889160156,33.30238723754883,129.0203399658203
2023-08-14,177.06517028808594,59.277503967285156,42.782806396484375,36.657283782958984,2.309999942779541,37.303428649902344,86.09716033935547,315.9551696777344,67.52537536621094,,431.7085266113281,119.59835052490234,51.62972640991211,92.06241607666016,42.740177154541016,51.6796989440918,33.23563766479492,129.4102325439453
2023-08-15,175.0819854736328,59.17173767089844,41.612396240234375,36.23828887939453,2.240000009536743,37.27002716064453,86.13167572021484,313.82958984375,64.60798645019531,,426.6795959472656,118.1746826171875,51.60295104980469,90.97665405273438,42.694908142089844,51.41483688354492,32.625274658203125,128.93475341796875
2023-08-16,174.21372985839844,59.05718231201172,41.27384948730469,35.91240692138672,2.1700000762939453,37.194881439208984,86.12306213378906,313.06744384765625,63.51023483276367,,423.54852294921875,117.2383041381836,51.48686599731445,90.28744506835938,42.658687591552734,51.44068145751953,32.57759475708008,127.95526123046875
2023-08-17,171.6780548095703,58.96905517578125,40.4129638671875,35.99620819091797,2.1700000762939453,37.16149139404297,86.20072174072266,309.6280212402344,62.857540130615234,,420.32122802734375,116.42613983154297,51.48686599731445,89.6926498413086,42.694908142089844,50.287574768066406,32.41547393798828,126.9377212524414
2023-08-18,172.1614990234375,59.15412521362305,40.13246536254883,35.754119873046875,2.119999885559082,37.194881439208984,86.19210815429688,309.2372131347656,62.887203216552734,,420.5234680175781,116.39746856689453,51.57615661621094,89.63600158691406,42.722076416015625,51.011085510253906,32.40593719482422,126.98523712158203
2023-08-21,173.49349975585938,58.88972854614258,40.37428283691406,35.837921142578125,2.1600000858306885,37.13644027709961,86.22663116455078,314.513671875,63.25311279296875,,423.259521484375,117.11408996582031,51.37079620361328,90.07974243164062,42.67679977416992,50.87543487548828,32.36779022216797,127.11841583251953
2023-08-22,174.86495971679688,59.02191925048828,40.24852752685547,35.763431549072266,2.180000066757202,37.13644027709961,86.23522186279297,315.0803527832031,62.70920181274414,,422.1130676269531,116.7701187133789,51.3350715637207,89.89093017578125,42.68585968017578,50.713932037353516,32.06261444091797,126.67139434814453
2023-08-23,178.7030029296875,59.497825622558594,40.8192253112793,36.33140182495117,2.319999933242798,37.303428649902344,86.25247955322266,319.51641845703125,64.46952056884766,,426.8144226074219,118.01224517822266,51.701168060302734,90.92002868652344,42.8126220703125,51.066001892089844,32.377323150634766,127.05182647705078
2023-08-24,174.0262908935547,59.427330017089844,40.52904510498047,36.191734313964844,2.299999952316284,37.211585998535156,86.27836608886719,312.64727783203125,62.9860954284668,,420.8992004394531,116.44525146484375,51.5850944519043,89.78704833984375,42.749237060546875,50.6751708984375,32.262882232666016,125.94866943359375
2023-08-25,176.2265167236328,59.40088653564453,40.33558654785156,36.228981018066406,2.25,37.23662185668945,86.27836608886719,315.58837890625,63.01576614379883,,423.866455078125,117.2383041381836,51.52259063720703,90.30632781982422,42.740177154541016,50.975555419921875,32.41547393798828,126.87112426757812
2023-08-28,177.7854461669922,59.47140884399414,41.02235794067383,36.58279800415039,2.390000104904175,37.32012939453125,86.29563903808594,316.2919006347656,64.58819580078125,,426.5543518066406,118.13645935058594,51.62080383300781,91.05220794677734,42.75829315185547,51.26626205444336,32.5966796875,127.16593170166016
2023-08-29,181.66297912597656,59.72697448730469,42.33786392211914,37.048343658447266,2.4600000381469727,37.462059020996094,86.3215103149414,320.8941650390625,65.94305419921875,,432.7200622558594,119.81812286376953,51.924415588378906,92.2795639038086,42.8669548034668,51.695838928222656,32.892311096191406,128.30706787109375
2023-08-30,185.14585876464844,59.638832092285156,41.81552505493164,36.927303314208984,2.4700000286102295,37.491275787353516,86.31287384033203,321.26544189453125,67.33747100830078,,434.5024108886719,120.28629302978516,51.906558990478516,92.50616455078125,42.839786529541016,52.067298889160156,32.91138458251953,128.2120361328125
2023-08-31,185.36294555664062,59.841556549072266,41.47697448730469,36.471065521240234,2.4600000381469727,37.499629974365234,86.35602569580078,320.2590026855469,69.16703033447266,,433.86651611328125,120.10477447509766,52.02262878417969,92.2701416015625,42.903175354003906,52.522727966308594,32.78740692138672,126.68095397949219
2023-09-01,186.9317626953125,59.6207275390625,41.45763397216797,36.89937210083008,2.430000066757202,37.50297927856445,86.37858581542969,321.13836669921875,69.61206817626953,,434.67578125,120.305419921875,51.83915710449219,92.59112548828125,42.876007080078125,52.18680191040039,33.08304214477539,127.02330017089844
2023-09-05,187.16847229003906,59.2762336730957,40.39361572265625,36.601417541503906,2.3299999237060547,37.3897590637207,86.39591979980469,325.9165344238281,69.51315307617188,,432.79718017578125,119.63656616210938,51.642250061035156,92.0057601928711,42.85790252685547,51.766902923583984,32.74925994873047,125.71092224121094
2023-09-06,180.46913146972656,59.24976348876953,40.34526443481445,36.39657974243164,2.299999952316284,37.305885314941406,86.4132308959961,325.2618713378906,69.6318359375,,429.88775634765625,118.91039276123047,51.499046325683594,91.47705078125,42.80356979370117,52.154502868652344,32.73019027709961,125.02620697021484
2023-09-07,175.19053649902344,59.426395416259766,39.78424072265625,35.96827697753906,2.240000009536743,37.39813232421875,86.45657348632812,322.3598327636719,69.0978012084961,,428.56787109375,118.5664291381836,51.660152435302734,91.09939575195312,42.89411926269531,52.800498962402344,32.644351959228516,125.5872802734375
2023-09-08,175.80224609375,59.4440803527832,39.484375,36.04275894165039,2.190000057220459,37.43168258666992,86.48258209228516,326.6199951171875,69.40436553955078,,429.21337890625,118.59510040283203,51.63330078125,91.13717651367188,42.921295166015625,52.89739990234375,32.71110916137695,125.5872802734375
2023-09-11,176.96652221679688,59.32925796508789,39.503726959228516,36.48968505859375,2.2300000190734863,37.43168258666992,86.48258209228516,330.2060546875,69.25603485107422,,432.0361328125,119.52191925048828,51.606441497802734,91.87358093261719,42.948448181152344,53.081504821777344,32.86369323730469,126.45266723632812
2023-09-12,173.94737243652344,59.346927642822266,39.35862731933594,36.37795639038086,2.299999952316284,37.3897590637207,86.5085678100586,324.17718505859375,69.5329360961914,,429.6661071777344,118.9390640258789,51.61540603637695,91.48650360107422,42.948448181152344,53.1396484375,33.08304214477539,126.29104614257812
2023-09-13,171.88522338867188,59.40874481201172,38.25593185424805,36.33140182495117,2.2699999809265137,37.45266342163086,86.53457641601562,328.3690185546875,70.06696319580078,,430.1671142578125,118.97727966308594,51.68699645996094,91.38264465332031,42.984676361083984,53.1525764465332,33.08304214477539,126.31005859375
2023-09-14,173.39480590820312,59.41756820678711,38.04313659667969,36.573486328125,2.390000104904175,37.46524429321289,86.57791137695312,330.9486389160156,70.99658966064453,,433.87615966796875,120.12386322021484,51.61540603637695,92.30789184570312,42.984676361083984,53.37544250488281,33.388221740722656,126.70948028564453
2023-09-15,172.67454528808594,59.28509521484375,38.594482421875,36.4338264465332,2.559999942779541,37.381370544433594,86.57791137695312,322.6627197265625,69.10768127441406,,428.64874267578125,119.07283782958984,51.525901794433594,91.54315185546875,42.948448181152344,53.17840576171875,33.21656799316406,125.71092224121094
2023-09-18,175.59507751464844,59.25859451293945,37.61752700805664,36.38726806640625,2.5399999618530273,37.40652847290039,86.61260986328125,321.5292663574219,69.72083282470703,,428.90008544921875,118.97727966308594,51.525901794433594,91.43505859375,42.95751190185547,52.784339904785156,33.30756759643555,125.51992797851562
2023-09-19,176.68038940429688,59.13493347167969,38.159202575683594,36.17311096191406,2.4700000286102295,37.33943176269531,86.62127685546875,321.128662109375,69.92851257324219,,428.01055908203125,118.8052978515625,51.38269805908203,91.264404296875,42.93034362792969,52.771427154541016,33.269248962402344,125.6249771118164
2023-09-20,173.14816284179688,59.161434173583984,37.60785675048828,36.024139404296875,2.430000066757202,37.322654724121094,86.62993621826172,313.428955078125,68.90989685058594,,424.07574462890625,117.93580627441406,51.32899856567383,90.6386489868164,42.85790252685547,52.94261932373047,33.039344787597656,125.6345443725586
2023-09-21,171.6089630126953,58.940616607666016,37.04683303833008,35.400306701660156,2.299999952316284,37.18846130371094,86.69059753417969,312.2173767089844,67.14957427978516,,417.0665283203125,115.95795440673828,51.16789627075195,89.15013122558594,42.839786529541016,52.29985809326172,32.493316650390625,124.53640747070312
2023-09-22,172.45745849609375,59.055423736572266,36.43743896484375,35.81930160522461,2.259999990463257,37.29749298095703,86.71659088134766,309.7550354003906,68.11874389648438,,416.1286926269531,115.77641296386719,51.31110382080078,89.13116455078125,42.876007080078125,52.438743591308594,32.2442512512207,124.278564453125
2023-09-25,173.73028564453125,58.74629211425781,36.3310432434082,35.6610107421875,2.1700000762939453,37.24718475341797,86.74260711669922,310.2729187011719,67.82205963134766,,417.87860107421875,115.98661041259766,51.11418151855469,89.22596740722656,42.80356979370117,52.671302795410156,32.32088851928711,124.9565658569336
2023-09-26,169.665283203125,58.69328689575195,35.56689453125,35.15821838378906,2.0799999237060547,37.16330337524414,86.75994110107422,304.9964599609375,67.18914794921875,,411.7393798828125,114.34317016601562,51.12313461303711,87.9744873046875,42.749237060546875,52.4871940612793,31.889814376831055,123.89664459228516
2023-09-27,168.1556854248047,58.498966217041016,35.46049118041992,35.214088439941406,2.069999933242798,37.087825775146484,86.75994110107422,305.63165283203125,67.45613861083984,,411.9037780761719,114.2571792602539,50.95309829711914,87.98396301269531,42.740177154541016,52.235252380371094,31.841920852661133,123.27597045898438
2023-09-28,168.41220092773438,58.54314422607422,35.741004943847656,35.307193756103516,2.119999885559082,37.19685745239258,86.77726745605469,306.4621887207031,64.47940826416016,,414.2917785644531,115.15533447265625,51.11418151855469,88.59075164794922,42.839786529541016,52.500118255615234,32.07181930541992,123.86798858642578
2023-09-29,168.92527770996094,58.596134185791016,35.789363861083984,35.33512878417969,2.1500000953674316,37.238792419433594,86.79460144042969,308.5238952636719,67.27812194824219,,413.2863464355469,114.8209228515625,51.15000915527344,88.34425354003906,42.8126220703125,51.65708923339844,31.774869918823242,122.93221282958984
2023-10-02,171.4313507080078,58.24824905395508,35.25736999511719,35.15821838378906,2.0199999809265137,37.12919616699219,86.81289672851562,314.4354248046875,67.20890045166016,,413.1219482421875,114.19029235839844,50.87904739379883,87.87019348144531,42.73234939575195,51.711997985839844,31.50663948059082,122.76030731201172
2023-10-03,170.09939575195312,57.94727325439453,34.08695602416992,34.69266891479492,2.1500000953674316,36.960575103759766,86.86511993408203,306.2179260253906,67.0803451538086,,407.5918884277344,112.69017791748047,50.63679885864258,86.67558288574219,42.61378860473633,51.385772705078125,31.00851058959961,121.6717529296875
2023-10-04,171.3425750732422,58.16857147216797,34.880130767822266,34.59025192260742,2.069999933242798,37.07018280029297,86.8564224243164,311.660400390625,67.35725402832031,,410.5599060058594,113.34945678710938,50.87006759643555,87.0358657836914,42.66851043701172,52.0026969909668,31.238414764404297,122.18738555908203
2023-10-05,172.5758819580078,58.274803161621094,35.24768829345703,34.720603942871094,2.0799999237060547,37.0870361328125,86.88253784179688,312.05126953125,68.286865234375,,410.4052734375,113.58833312988281,50.97774124145508,87.24444580078125,42.704994201660156,51.38254928588867,31.382099151611328,122.85581970214844
2023-10-06,175.1214599609375,58.08890914916992,35.789363861083984,35.2234001159668,2.130000114440918,37.07018280029297,86.8912353515625,319.77044677734375,69.3022232055664,,415.2779541015625,114.89734649658203,50.780357360839844,88.21150970458984,42.66851043701172,50.52013397216797,31.650333404541016,124.14490509033203
2023-10-09,176.60145568847656,58.54037094116211,34.125640869140625,35.05580139160156,2.1700000762939453,37.23036575317383,86.90864562988281,322.27191162109375,68.82675170898438,,417.9366455078125,115.41332244873047,51.23790740966797,88.47698974609375,42.83268737792969,50.336029052734375,31.669492721557617,124.5746078491211
2023-10-10,176.0094757080078,58.513824462890625,34.657649993896484,35.558589935302734,2.190000057220459,37.27250671386719,86.88253784179688,320.8746337890625,68.42059326171875,,420.1119079589844,116.3592529296875,51.1482048034668,89.26390075683594,42.83268737792969,50.90449905395508,31.899396896362305,125.16663360595703
2023-10-11,177.400634765625,58.805938720703125,34.900150299072266,35.78205871582031,2.2200000286102295,37.306236267089844,86.9173583984375,324.8123779296875,69.54987335205078,,421.8327941894531,116.8752212524414,51.264835357666016,89.67159271240234,42.869178771972656,51.10799026489258,31.947288513183594,124.6128158569336
2023-10-12,178.29852294921875,58.39873504638672,34.09505844116211,35.38167953491211,2.1600000858306885,37.17133712768555,86.95218658447266,323.5811767578125,69.09420776367188,,419.2611389160156,115.97705078125,50.968772888183594,88.87519073486328,42.85093307495117,51.340545654296875,31.746118545532227,123.54332733154297
2023-10-13,176.46328735351562,58.664310455322266,33.076568603515625,35.25132751464844,2.309999942779541,37.221927642822266,86.97830963134766,320.22967529296875,68.55927276611328,,417.1728210449219,115.30821990966797,51.13923263549805,88.28736114501953,42.96950912475586,51.624794006347656,31.813175201416016,124.31680297851562
2023-10-16,176.33505249023438,58.38988494873047,33.386966705322266,35.51203536987305,2.2899999618530273,37.18820571899414,86.97830963134766,325.02734375,68.43048858642578,,421.5621032714844,116.42613983154297,50.95082473754883,89.18804931640625,42.96038055419922,52.07052230834961,32.14845657348633,125.25257110595703
2023-10-17,174.78602600097656,57.982666015625,33.63916015625,35.41892623901367,2.3499999046325684,36.985870361328125,87.0218505859375,324.4606018066406,68.35124969482422,,421.5427551269531,116.41657257080078,50.600921630859375,89.18804931640625,42.86005401611328,52.13835525512695,32.30173110961914,125.08070373535156
2023-10-18,173.49349975585938,57.805625915527344,32.145381927490234,34.87888717651367,2.3399999141693115,36.90999221801758,87.04794311523438,322.5552062988281,68.48992156982422,,415.9256591796875,114.71581268310547,50.46634292602539,87.83226013183594,42.823577880859375,52.1771125793457,31.746118545532227,123.99214172363281
2023-10-19,173.1185760498047,57.708255767822266,31.728286743164062,34.67405319213867,2.390000104904175,36.918418884277344,87.0827865600586,323.7375793457031,66.89505767822266,,412.27117919921875,113.68389129638672,50.37662887573242,87.07378387451172,42.905662536621094,51.928401947021484,31.324636459350586,122.76988220214844
2023-10-20,170.572998046875,57.858734130859375,31.262697219848633,34.25505065917969,2.4100000858306885,37.0069465637207,87.12633514404297,319.1940002441406,66.5879898071289,,407.2051696777344,112.41310119628906,50.618865966796875,86.07829284667969,42.97862243652344,51.279178619384766,30.845661163330078,122.28287506103516
2023-10-23,170.69137573242188,58.00924301147461,31.078397750854492,34.22712326049805,2.380000114440918,37.095462799072266,87.10020446777344,321.7833251953125,66.25117492675781,,406.4994201660156,112.26976776123047,50.753440856933594,85.91710662841797,42.94214630126953,52.005924224853516,30.65407371520996,121.51895904541016
2023-10-24,171.12551879882812,58.18627166748047,31.058998107910156,34.664737701416016,2.440000057220459,37.221927642822266,87.12633514404297,322.9656677246094,67.43000030517578,,409.5641784667969,113.0341567993164,50.77137756347656,86.5712890625,42.91477966308594,52.72944641113281,30.86482048034668,121.89137268066406
2023-10-25,168.8167266845703,57.83218002319336,30.467300415039062,34.208499908447266,2.4200000762939453,37.04487609863281,87.12633514404297,332.8735656738281,65.874755859375,,403.6860046386719,111.57225799560547,50.51120376586914,85.44305419921875,42.878292083740234,52.57117462158203,30.74986457824707,120.80280303955078
2023-10-26,164.6629180908203,58.11545944213867,30.651601791381836,34.0409049987793,2.4800000190734863,37.112335205078125,87.16985321044922,320.38604736328125,63.923282623291016,,398.85205078125,110.43523406982422,50.789329528808594,84.72250366210938,42.97862243652344,52.251399993896484,30.68280792236328,119.60920715332031
2023-10-27,165.9751739501953,58.230552673339844,29.73011589050293,34.012969970703125,2.5799999237060547,37.15447235107422,87.16985321044922,322.2620849609375,65.03274536132812,,397.04412841796875,109.8906021118164,50.87904739379883,84.35274505615234,43.05158996582031,52.0576057434082,30.12720489501953,117.5848388671875
2023-10-30,168.0175323486328,58.062339782714844,30.292705535888672,34.366790771484375,2.5799999237060547,37.16292190551758,87.16985321044922,329.5904846191406,65.44879150390625,,401.79107666015625,111.24739074707031,50.753440856933594,85.3482437133789,43.01511001586914,52.6551513671875,30.66364860534668,118.24371337890625
2023-10-31,168.4911346435547,58.08890914916992,30.312105178833008,34.171260833740234,2.5399999618530273,37.175559997558594,87.187255859375,330.3721618652344,66.24128723144531,,404.3144836425781,111.89712524414062,50.70859146118164,85.76541900634766,42.99687576293945,52.78112030029297,30.998931884765625,118.92166900634766
2023-11-01,171.6484375,58.53880310058594,30.176305770874023,34.48783493041992,2.5299999713897705,37.33064651489258,87.18988800048828,338.1499328613281,68.74749755859375,,408.6263122558594,113.05326080322266,51.09449005126953,86.60921478271484,43.12456130981445,53.25269317626953,31.200096130371094,119.16993713378906
2023-11-02,175.2003936767578,58.82276153564453,31.058998107910156,35.09304428100586,2.5399999618530273,37.50013732910156,87.21609497070312,340.3484802246094,69.7777099609375,,416.4574890136719,115.346435546875,51.23841857910156,88.3726806640625,43.12456130981445,53.462650299072266,31.93770980834961,121.06061553955078
2023-11-03,174.2926788330078,59.13331604003906,32.34907531738281,35.80998992919922,2.5999999046325684,37.652687072753906,87.20735931396484,344.7259826660156,71.89759063720703,,420.2568664550781,116.50257873535156,51.571258544921875,89.45352935791016,43.24314498901367,53.18486785888672,32.35920333862305,121.6622085571289
2023-11-06,176.8382568359375,58.86710739135742,31.931983947753906,36.098628997802734,2.509999990463257,37.53403091430664,87.20735931396484,348.37054443359375,72.23439025878906,,421.22369384765625,116.46435546875,51.34635925292969,89.44404602050781,43.188411712646484,53.25593185424805,32.2634162902832,122.4738540649414
2023-11-07,179.39369201660156,59.1688117980957,32.43637466430664,36.033447265625,2.4200000762939453,37.53403091430664,87.24236297607422,352.279052734375,72.11553192138672,,422.4224853515625,116.55989837646484,51.51728057861328,89.38716125488281,43.197532653808594,53.504634857177734,32.21551513671875,122.55979919433594
2023-11-08,180.44940185546875,59.39064407348633,33.144466400146484,35.791358947753906,2.319999933242798,37.50013732910156,87.25984191894531,354.8879699707031,71.60041809082031,,422.73187255859375,116.58857727050781,51.607234954833984,89.33028411865234,43.17017364501953,53.06858825683594,32.25382995605469,122.3879165649414
2023-11-09,179.97581481933594,59.044586181640625,32.47517776489258,35.456172943115234,2.299999952316284,37.432342529296875,87.2773208618164,352.4353942871094,72.87828826904297,,419.4351501464844,115.91016387939453,51.27440643310547,88.76141357421875,43.06983947753906,52.94584655761719,32.11971664428711,119.85745239257812
2023-11-10,184.1548614501953,59.11556625366211,33.03776931762695,35.70756912231445,2.2799999713897705,37.45353698730469,87.321044921875,361.20989990234375,74.65145111083984,,425.9803466796875,117.37206268310547,51.28339767456055,89.8043212890625,43.06983947753906,53.6790657043457,32.483741760253906,120.57361602783203
2023-11-13,182.5741424560547,59.08009719848633,33.144466400146484,35.6982536315918,2.180000066757202,37.46623229980469,87.36473846435547,358.288330078125,74.07691192626953,,425.5743103027344,117.41028594970703,51.292396545410156,89.79485321044922,43.09720993041992,54.160316467285156,32.43584060668945,121.27070617675781
2023-11-14,185.18234252929688,59.66572952270508,34.18235397338867,36.647972106933594,2.2899999618530273,37.80522155761719,87.38224029541016,361.7961730957031,76.4444351196289,,433.8307189941406,119.87545013427734,51.85910415649414,91.8711929321289,43.24314498901367,54.150630950927734,33.04891586303711,122.09188842773438
2023-11-15,185.7454376220703,59.44389343261719,34.68674850463867,36.95523452758789,2.2899999618530273,37.728946685791016,87.35601806640625,361.9430847167969,76.41472625732422,,434.7491760253906,120.06653594970703,51.58925247192383,92.05132293701172,43.15192794799805,54.838619232177734,33.23093032836914,122.18738555908203
2023-11-16,187.42501831054688,59.73671340942383,34.44424819946289,36.601417541503906,2.359999895095825,37.82217788696289,87.41720581054688,368.3071594238281,75.94913482666016,,435.2809143066406,120.06653594970703,51.86809539794922,91.88067626953125,43.23402786254883,50.40062713623047,33.36505126953125,122.71257019042969
2023-11-17,187.4052276611328,59.82545471191406,34.97774887084961,36.647972106933594,2.3299999237060547,37.78826904296875,87.42594146728516,362.1192321777344,76.83076477050781,,435.8223876953125,120.67805480957031,51.84112548828125,92.39264678955078,43.25225830078125,50.177757263183594,33.537471771240234,122.46430206298828
2023-11-20,189.14401245117188,59.878700256347656,35.404537200927734,37.104209899902344,2.3299999237060547,37.83911895751953,87.45218658447266,369.55059814453125,77.88080596923828,,439.1771545410156,121.41377258300781,51.877105712890625,92.99943542480469,43.29787063598633,50.16160583496094,33.67158126831055,123.20911407470703
2023-11-21,188.34381103515625,59.91416931152344,34.80314636230469,36.871437072753906,2.4200000762939453,37.90690994262695,87.50467681884766,365.2719421386719,75.98876190185547,,438.219970703125,121.15579986572266,51.95806121826172,92.75292205810547,43.28874969482422,50.34248733520508,33.65242004394531,123.95391845703125
2023-11-22,189.00572204589844,59.96743392944336,34.87105178833008,36.79694747924805,2.4200000762939453,37.84759521484375,87.52214813232422,369.9520568847656,76.37508392333984,,439.911865234375,121.56665802001953,51.93107223510742,92.98046875,43.279624938964844,49.95812225341797,33.786537170410156,124.54595947265625
2023-11-24,187.68185424804688,59.72783279418945,35.01654052734375,36.81557846069336,2.440000057220459,37.77980041503906,87.53962707519531,369.5408020019531,76.14726257324219,,440.18255615234375,121.84374237060547,51.760162353515625,93.22698974609375,43.23402786254883,50.40708541870117,33.891910552978516,125.21438598632812
2023-11-27,187.50404357910156,60.02954864501953,34.764347076416016,36.66659927368164,2.4600000381469727,37.898441314697266,87.55709075927734,370.6961364746094,76.78125762939453,,439.3898620605469,121.64309692382812,52.01202392578125,93.0468521118164,43.279624938964844,50.63641357421875,33.776954650878906,124.43136596679688
2023-11-28,188.10667419433594,60.27799987792969,34.958343505859375,36.973854064941406,2.559999942779541,38.05099105834961,87.57460021972656,374.7006530761719,75.40431213378906,,439.8248291015625,121.73865509033203,52.22792053222656,93.19853973388672,43.39820098876953,51.24042510986328,33.76737594604492,123.7916030883789
2023-11-29,187.08908081054688,60.588584899902344,35.540340423583984,36.759708404541016,2.5799999237060547,38.203529357910156,87.57460021972656,370.93115234375,75.96895599365234,,439.51544189453125,121.75775909423828,52.42582702636719,93.21749877929688,43.480281829833984,50.413543701171875,34.00686264038086,123.82978820800781
2023-11-30,187.66209411621094,60.37562942504883,35.82163619995117,36.834190368652344,2.5399999618530273,38.14080810546875,87.5833511352539,370.9898681640625,75.40431213378906,,441.2460632324219,122.09217071533203,52.281898498535156,93.49244689941406,43.43468475341797,50.287574768066406,34.390045166015625,125.38626098632812
2023-12-01,188.9365997314453,60.81766128540039,36.908016204833984,36.99248504638672,2.640000104904175,38.35974884033203,87.63162994384766,366.6818542480469,75.21610260009766,,443.8564147949219,123.02854919433594,52.63188171386719,94.29834747314453,43.55326461791992,49.85152816772461,34.648681640625,125.88280487060547
2023-12-04,187.14834594726562,60.70204162597656,37.01472473144531,36.573486328125,2.5199999809265137,38.34270095825195,87.62285614013672,361.42413330078125,73.59150695800781,,441.5264892578125,122.34059143066406,52.46049880981445,93.7199935913086,43.48940658569336,49.83860778808594,34.61037063598633,126.12152862548828
2023-12-05,191.09030151367188,61.07557678222656,36.48122787475586,36.35002517700195,2.380000114440918,38.376792907714844,87.65800476074219,364.73345947265625,72.9971694946289,,441.439453125,122.14949798583984,52.69502258300781,93.51140594482422,43.51677322387695,50.30049133300781,34.43792724609375,125.95919036865234
2023-12-06,190.0035858154297,61.262359619140625,37.771305084228516,36.303470611572266,2.380000114440918,38.410865783691406,87.66678619384766,361.0911865234375,72.44242095947266,,439.6605224609375,121.86286163330078,52.80324172973633,93.34074401855469,43.47116470336914,49.75463104248047,34.26551055908203,126.05465698242188
2023-12-07,191.93006896972656,61.226783752441406,39.12929153442383,36.480377197265625,2.3399999141693115,38.470489501953125,87.68437194824219,363.1962890625,72.95755004882812,,443.01531982421875,122.74191284179688,52.76716995239258,93.96650695800781,43.48940658569336,49.427188873291016,34.4283561706543,125.90189361572266
2023-12-08,193.35272216796875,60.93327713012695,39.13899230957031,36.322086334228516,2.259999990463257,38.26603698730469,87.72825622558594,366.40771484375,74.2552261352539,,444.9199523925781,123.18143463134766,52.49658203125,94.2319564819336,43.425567626953125,48.90847396850586,34.61037063598633,126.11197662353516
2023-12-11,190.85317993164062,60.942161560058594,39.294189453125,36.53624725341797,2.2100000381469727,38.31715393066406,87.78975677490234,363.5389099121094,77.0586166381836,,446.6504211425781,123.6496353149414,52.49658203125,94.58277130126953,43.41644287109375,49.03166961669922,34.821109771728516,126.9427261352539
2023-12-12,192.3647918701172,61.120052337646484,40.002281188964844,36.545555114746094,2.119999885559082,38.31715393066406,87.80731201171875,366.5545654296875,77.42512512207031,,448.6904296875,123.97449493408203,52.5867805480957,94.81979370117188,43.407318115234375,49.0705680847168,35.070167541503906,127.48699188232422
2023-12-13,195.57565307617188,61.778202056884766,39.95378112792969,36.90868377685547,2.380000114440918,38.60677719116211,87.82489776611328,366.5447998046875,79.03980255126953,,454.8778991699219,125.80902099609375,53.19112777709961,96.22298431396484,43.69919967651367,49.94266128540039,35.63536071777344,129.83602905273438
2023-12-14,195.7238311767578,62.06281280517578,41.166263580322266,37.4487190246582,2.440000057220459,38.77716827392578,87.81611633300781,358.2812194824219,81.41724395751953,,456.33782958984375,126.46830749511719,53.46171951293945,96.97199249267578,43.88161849975586,49.333168029785156,35.989803314208984,129.20582580566406
2023-12-15,195.19032287597656,62.12507247924805,41.06925964355469,37.225257873535156,2.440000057220459,38.76012420654297,87.81611633300781,362.9808654785156,80.64458465576172,,455.58642578125,126.0765609741211,53.4075927734375,96.52637481689453,43.83600997924805,49.51796340942383,35.77904510498047,128.107666015625
2023-12-18,193.53053283691406,62.01835632324219,39.94408416748047,37.20663070678711,2.549999952316284,38.75161361694336,87.85121154785156,364.8607177734375,80.79315948486328,,458.14910888671875,126.6594009399414,53.33544158935547,96.90958404541016,43.81777572631836,50.24092102050781,35.8984260559082,128.31678771972656
2023-12-19,194.56793212890625,62.21401596069336,39.914981842041016,37.5232048034668,2.680000066757202,38.86235046386719,87.85121154785156,365.4579772949219,81.39740753173828,,460.93505859375,127.53844451904297,53.389564514160156,97.6358642578125,43.80864715576172,50.422481536865234,36.167972564697266,129.18002319335938
2023-12-20,192.4833221435547,62.46307373046875,39.12929153442383,36.84772491455078,2.609999895095825,38.91347122192383,87.8600082397461,362.8731689453125,77.95014953613281,,454.5478210449219,125.84200286865234,53.578975677490234,96.2979736328125,43.89073181152344,49.832435607910156,35.52297592163086,127.30965423583984
2023-12-21,192.3351287841797,62.427486419677734,39.88588333129883,37.540279388427734,2.6500000953674316,38.91347122192383,87.92151641845703,365.7320861816406,84.67630004882812,,458.8577880859375,127.31592559814453,53.5699577331543,97.540283203125,43.89073181152344,50.18581008911133,35.869544982910156,128.863525390625
2023-12-22,191.2681427001953,62.393192291259766,39.89558410644531,37.36002731323242,2.640000104904175,38.921974182128906,87.9478530883789,366.7503662109375,85.67680358886719,,459.7799072265625,127.57599639892578,53.558204650878906,97.68363189697266,43.8519172668457,50.785579681396484,35.94655990600586,129.5061492919922
2023-12-26,190.72476196289062,62.420249938964844,39.536678314208984,37.65412521362305,2.630000114440918,38.964561462402344,87.96540832519531,366.8287353515625,86.24144744873047,,461.7213439941406,128.1058807373047,53.558204650878906,98.17100524902344,43.87965393066406,50.707759857177734,36.09096145629883,129.79391479492188
2023-12-27,190.82354736328125,62.79933547973633,39.371795654296875,37.8723258972168,2.640000104904175,39.049766540527344,87.98297119140625,366.25103759765625,85.84522247314453,,462.5561828613281,128.47193908691406,53.829559326171875,98.45768737792969,43.94435119628906,51.18433380126953,36.20648193359375,130.3406219482422
2023-12-28,191.2483673095703,62.61880874633789,39.41058349609375,38.16642379760742,2.549999952316284,39.042049407958984,88.022705078125,367.4357604980469,85.19141387939453,,462.7308654785156,128.3948516845703,53.70293045043945,98.52458190917969,43.88888931274414,51.08384323120117,36.312381744384766,130.6763458251953
2023-12-29,190.2110137939453,62.465396881103516,39.0225944519043,38.14745330810547,2.5299999713897705,39.076324462890625,88.0580062866211,368.17987060546875,84.65081787109375,,461.39129638671875,128.1444091796875,53.657684326171875,98.31433868408203,43.89813232421875,51.10977554321289,36.19684982299805,130.81060791015625
2024-01-02,183.40399169921875,62.22169494628906,39.235992431640625,37.70156478881836,2.440000057220459,38.89640808105469,88.07563781738281,363.1179504394531,81.6750259399414,,458.8092041015625,127.07508850097656,53.4858283996582,97.48294830322266,43.8519172668457,51.641456604003906,36.35088348388672,133.11257934570312
2024-01-03,182.03077697753906,62.32999801635742,37.57732009887695,37.49284362792969,2.390000104904175,38.827880859375,88.09329223632812,362.85357666015625,81.59568786621094,,455.062255859375,126.0539321899414,53.59437942504883,96.64199829101562,43.88888931274414,51.64469909667969,36.042823791503906,132.89198303222656
2024-01-04,179.71893310546875,61.968994140625,38.02350616455078,37.36951446533203,2.4000000953674316,38.79359436035156,88.1462631225586,360.2491760253906,82.04205322265625,,453.5964660644531,125.90943908691406,53.386329650878906,96.52732849121094,43.84266662597656,51.14543151855469,36.187232971191406,133.55380249023438
2024-01-05,178.9977264404297,61.8426399230957,39.32329177856445,37.41694641113281,2.359999895095825,38.759315490722656,88.16390228271484,360.0631408691406,82.77607727050781,,454.2177429199219,126.06356048583984,53.268733978271484,96.64199829101562,43.79645538330078,50.805023193359375,36.34125900268555,133.438720703125
2024-01-08,183.32496643066406,61.9780158996582,40.38057327270508,37.52130889892578,2.369999885559082,38.89640808105469,88.19918060302734,366.85809326171875,84.26396942138672,,460.7021179199219,127.73016357421875,53.386329650878906,97.80787658691406,43.82418441772461,51.304290771484375,36.572296142578125,134.6184844970703
2024-01-09,182.91001892089844,61.99604797363281,41.049869537353516,36.99003601074219,2.359999895095825,38.870704650878906,88.21682739257812,367.93511962890625,82.65705871582031,,460.003173828125,127.21956634521484,53.4044303894043,97.3300552368164,43.82418441772461,51.64794158935547,36.34125900268555,134.5993194580078
2024-01-10,183.94737243652344,61.90578079223633,40.846168518066406,36.90464401245117,2.390000104904175,38.91782760620117,88.19918060302734,374.7691345214844,81.71472930908203,,462.604736328125,127.96134948730469,53.35015106201172,97.80787658691406,43.82418441772461,52.28985595703125,36.399024963378906,135.21316528320312
2024-01-11,183.35462951660156,62.14950180053711,40.991668701171875,37.05644226074219,2.359999895095825,39.03348922729492,88.26976013183594,376.5903015136719,82.71656036376953,,462.40087890625,127.95174407958984,53.60342788696289,97.7696304321289,43.95359802246094,52.23149871826172,36.26423645019531,135.11721801757812
2024-01-12,183.6806182861328,62.2397575378418,37.31541442871094,37.18926239013672,2.609999895095825,39.14058303833008,88.29625701904297,380.3499755859375,81.72463989257812,,462.7211608886719,128.05770874023438,53.739112854003906,97.92255401611328,44.083003997802734,52.29957962036133,36.19684982299805,134.78155517578125
2024-01-16,181.418212890625,61.89677047729492,36.34543228149414,36.28799057006836,2.5,39.042049407958984,88.32271575927734,382.1123962402344,83.92671966552734,,461.02239990234375,127.17140197753906,53.476783752441406,96.97647857666016,43.9813346862793,52.46491622924805,35.94655990600586,133.975830078125
2024-01-17,180.47964477539062,61.716270446777344,36.025325775146484,35.747230529785156,2.4700000286102295,38.92210388183594,88.34918975830078,381.3291320800781,82.60746765136719,,458.4598083496094,126.34292602539062,53.28683090209961,96.21199798583984,43.907379150390625,52.21853256225586,35.879173278808594,133.707275390625
2024-01-18,186.35800170898438,61.626014709472656,36.94682312011719,36.041324615478516,2.3399999141693115,38.870704650878906,88.40216064453125,385.63720703125,84.13501739501953,,462.5367736816406,127.40262603759766,53.241607666015625,97.03380584716797,43.95359802246094,52.92203903198242,35.93693161010742,133.68809509277344
2024-01-19,189.252685546875,61.69822692871094,36.161128997802734,36.42081069946289,2.319999933242798,38.947818756103516,88.41096496582031,390.3367919921875,86.80329895019531,,468.30279541015625,128.7320556640625,53.21446228027344,97.9129867553711,43.94435119628906,52.64323043823242,36.5145378112793,133.7648162841797
2024-01-22,191.55462646484375,61.78847122192383,35.87013244628906,36.09824752807617,2.299999952316284,38.982078552246094,88.41096496582031,388.2220153808594,88.51933288574219,,469.29296875,129.03067016601562,53.33205032348633,98.14231872558594,43.94435119628906,52.64646911621094,36.68782043457031,134.3499298095703
2024-01-23,192.82911682128906,61.63506317138672,36.86921691894531,36.41132354736328,2.640000104904175,39.10202407836914,88.44625091552734,390.56201171875,86.82312774658203,,470.6617126464844,129.19444274902344,53.25969696044922,98.29523468017578,43.907379150390625,52.779388427734375,36.745574951171875,134.25399780273438
2024-01-24,192.1573028564453,61.499671936035156,37.043819427490234,36.819271087646484,2.5,38.964942932128906,88.46391296386719,394.1455383300781,87.36869049072266,,471.1761779785156,129.49307250976562,53.160194396972656,98.5532455444336,43.88888931274414,52.03374099731445,36.889991760253906,133.02627563476562
2024-01-25,191.83126831054688,61.779449462890625,38.974090576171875,36.866703033447266,2.509999990463257,39.110599517822266,88.52568817138672,396.4072265625,88.47965240478516,,473.7388610839844,130.003662109375,53.34111022949219,98.9832763671875,43.972084045410156,52.79235076904297,37.07289123535156,132.8248748779297
2024-01-26,190.1023712158203,61.68920135498047,38.44060516357422,36.89516067504883,2.4200000762939453,39.10202407836914,88.5345230102539,395.4869079589844,87.33892822265625,,473.13702392578125,130.1192626953125,53.268733978271484,99.05017852783203,43.95359802246094,53.2559700012207,37.20766830444336,133.58262634277344
2024-01-29,189.42066955566406,61.932899475097656,38.88679504394531,36.91413497924805,2.4600000381469727,39.1619987487793,88.54332733154297,401.1558532714844,88.3507080078125,,476.8838806152344,131.1211395263672,53.467742919921875,99.75733184814453,44.01830291748047,53.50559616088867,37.30393981933594,134.52256774902344
2024-01-30,185.7751007080078,61.9780158996582,38.33390426635742,36.62003707885742,2.4100000858306885,39.2048454284668,88.5698013305664,400.0494689941406,85.4642105102539,,476.51507568359375,131.00555419921875,53.45868682861328,99.52798461914062,43.99056625366211,53.68390655517578,37.77565383911133,134.82949829101562
2024-01-31,182.17892456054688,62.16756057739258,37.965301513671875,36.42081069946289,2.380000114440918,39.2990837097168,88.57862854003906,389.2696228027344,85.0574951171875,,468.7395935058594,129.28114318847656,53.80242919921875,98.31433868408203,44.11073684692383,53.573673248291016,37.31356430053711,134.64727783203125
2024-02-01,184.60934448242188,62.484169006347656,38.56669998168945,36.77183151245117,2.5799999237060547,39.30509948730469,88.63536071777344,395.3400573730469,84.91864013671875,,474.8746337890625,130.77435302734375,53.990196228027344,99.46109771728516,44.07376480102539,54.56572341918945,37.3713264465332,136.3929443359375
2024-02-02,183.6114959716797,62.05899429321289,38.78010177612305,36.66747283935547,2.4700000286102295,39.2964973449707,88.64420318603516,402.62451171875,85.78160858154297,,479.87371826171875,131.44866943359375,53.500370025634766,99.83379364013672,43.87965393066406,54.97421646118164,37.525360107421875,136.1914825439453
2024-02-05,185.41941833496094,61.66999053955078,38.06230163574219,36.71490478515625,2.4100000858306885,39.193145751953125,88.65306091308594,397.1709289550781,86.27758026123047,,478.12646484375,130.86105346679688,53.137535095214844,99.35597229003906,43.833431243896484,54.67919158935547,37.30393981933594,136.61351013183594
2024-02-06,187.0199432373047,61.89616394042969,38.974090576171875,37.549766540527344,2.490000009536743,39.10703659057617,88.64420318603516,397.0142517089844,83.91678619384766,,479.5145568847656,131.37161254882812,53.37337112426758,99.91023254394531,43.91661834716797,55.0520133972168,37.38095474243164,138.10023498535156
2024-02-07,187.1286163330078,61.787601470947266,39.00319290161133,37.597206115722656,2.4700000286102295,39.16731262207031,88.67967224121094,405.3953552246094,84.482177734375,,483.5139465332031,132.12301635742188,53.30080032348633,100.41671752929688,43.907379150390625,54.91260528564453,37.660125732421875,138.4743194580078
2024-02-08,186.0517578125,61.633785247802734,39.13899230957031,37.38848876953125,2.4600000381469727,39.227603912353516,88.74169921875,405.4541320800781,84.19452667236328,,483.7275085449219,132.20008850097656,53.18288803100586,100.45494079589844,43.907379150390625,54.90937423706055,37.51573181152344,138.23452758789062
2024-02-09,186.81341552734375,61.62477111816406,39.294189453125,37.549766540527344,2.450000047683716,39.13286590576172,88.75057220458984,411.759521484375,84.8690414428711,,486.5232238769531,132.84552001953125,53.119388580322266,101.00919342041016,43.87965393066406,54.88019943237305,37.62163162231445,138.12899780273438
2024-02-12,185.1317596435547,61.660945892333984,39.362091064453125,37.843868255615234,2.549999952316284,39.17593002319336,88.74169921875,406.580078125,85.00789642333984,,486.30963134765625,132.9418487548828,53.155670166015625,101.14297485351562,43.89813232421875,55.21087646484375,37.79490661621094,138.31124877929688
2024-02-13,183.04449462890625,61.24480438232422,38.809200286865234,37.13233947753906,2.3399999141693115,39.012306213378906,88.77713775634766,397.82696533203125,80.87158966064453,,479.6116638183594,130.94773864746094,52.702117919921875,99.5470962524414,43.805694580078125,54.834808349609375,37.28468704223633,137.02598571777344
2024-02-14,182.16409301757812,61.58856964111328,39.614288330078125,37.66361618041992,2.4200000762939453,38.977840423583984,88.78602600097656,401.67205810546875,81.1691665649414,,483.97021484375,132.34458923339844,52.86540222167969,100.6556167602539,43.870399475097656,54.65974807739258,37.6408805847168,138.21536254882812
2024-02-15,181.8772430419922,61.65189743041992,39.76948547363281,37.843868255615234,2.5299999713897705,39.0467414855957,88.82146453857422,398.79803466796875,80.97078704833984,,487.3094787597656,133.47169494628906,52.99239730834961,101.51568603515625,43.93510818481445,54.88343811035156,38.2858772277832,139.22247314453125
2024-02-16,180.3439483642578,61.452877044677734,38.915889739990234,38.02412414550781,2.569999933242798,39.003692626953125,88.86576080322266,396.3457946777344,78.85797882080078,,484.88262939453125,132.9803924560547,52.810970306396484,101.27676391601562,43.89813232421875,55.23033142089844,38.151100158691406,139.6732635498047
2024-02-20,179.60205078125,61.516197204589844,39.38148498535156,38.0810432434082,2.569999933242798,39.07258605957031,88.89236450195312,395.1000061035156,80.05821228027344,,482.21319580078125,132.56614685058594,52.90168762207031,100.99964141845703,43.92586898803711,57.0134162902832,38.04520034790039,139.2032928466797
2024-02-21,180.35385131835938,61.31718063354492,39.536678314208984,38.14745330810547,2.549999952316284,39.003692626953125,88.89236450195312,394.501708984375,80.8319091796875,,482.6500244140625,132.65284729003906,52.76560974121094,101.02830505371094,43.907379150390625,56.31315231323242,38.160728454589844,139.5102081298828
2024-02-22,182.38174438476562,61.39859390258789,40.85586929321289,38.53641891479492,2.5799999237060547,39.02953338623047,88.93669128417969,403.7908630371094,85.2162094116211,,492.6387023925781,135.04196166992188,52.747474670410156,102.67198944091797,43.86115646362305,56.86753463745117,38.60356140136719,141.15037536621094
2024-02-23,180.55169677734375,61.62477111816406,40.564178466796875,38.517452239990234,2.630000114440918,39.055362701416016,88.95439910888672,402.50592041015625,85.30548095703125,,492.97845458984375,135.18646240234375,52.883544921875,102.74842834472656,43.87965393066406,56.91615676879883,38.79609680175781,141.82179260253906
2024-02-26,179.20635986328125,61.49810028076172,40.632240295410156,38.3466796875,2.7100000381469727,39.025211334228516,88.95439910888672,399.7593078613281,88.73754119873047,,491.1728820800781,134.666259765625,52.820045471191406,102.48084259033203,43.88888931274414,57.966556549072266,38.60356140136719,141.09286499023438
2024-02-27,180.66050720214844,61.41670227050781,40.816978454589844,38.42258071899414,2.7100000381469727,39.003692626953125,88.98099517822266,399.7005310058594,91.10823822021484,,492.0853576660156,135.01304626464844,52.75656509399414,102.70065307617188,43.89813232421875,57.95682907104492,38.70945739746094,140.74755859375
2024-02-28,179.46356201171875,61.52524185180664,40.84614562988281,37.91976547241211,2.569999933242798,39.03813171386719,88.99870300292969,399.9358825683594,88.98553466796875,,491.43499755859375,134.5891876220703,52.892616271972656,102.30884552001953,43.972084045410156,57.98600387573242,38.85386276245117,140.04736328125
2024-02-29,178.80078125,61.60666275024414,41.098941802978516,37.93873977661133,2.5999999046325684,39.07258605957031,89.04302978515625,405.74285888671875,89.87826538085938,,493.20172119140625,135.13829040527344,52.98332595825195,102.72931671142578,44.01830291748047,57.003692626953125,38.8346061706543,138.9059600830078
2024-03-01,177.7225341796875,61.811580657958984,40.99199295043945,38.40359878540039,2.740000009536743,39.17213821411133,89.05636596679688,407.5673522949219,94.38159942626953,,497.83197021484375,136.35211181640625,53.18338394165039,103.64671325683594,44.11998748779297,57.14957809448242,38.78647994995117,140.36390686035156
2024-03-04,173.21170043945312,61.711822509765625,40.4183349609375,38.3182258605957,2.8399999141693115,39.137508392333984,89.09197998046875,406.9984436035156,94.99658203125,,497.298095703125,136.18832397460938,53.09245681762695,103.48424530029297,44.10149383544922,57.67477798461914,38.88274002075195,140.15284729003906
2024-03-05,168.28541564941406,62.047340393066406,40.64196014404297,37.976680755615234,2.8299999237060547,39.17213821411133,89.10088348388672,394.9626770019531,93.70708465576172,,492.32806396484375,135.12867736816406,53.28343200683594,102.69109344482422,44.166202545166016,58.39449691772461,38.89236831665039,139.10736083984375
2024-03-06,167.2961883544922,62.137977600097656,40.85586929321289,38.52693557739258,3.0,39.215423583984375,89.1186752319336,394.41339111328125,94.78827667236328,,494.8227844238281,136.14016723632812,53.34709930419922,103.51292419433594,44.166202545166016,58.90997314453125,39.09452819824219,140.05694580078125
2024-03-07,167.177490234375,62.21958541870117,41.59481430053711,38.76411437988281,3.0799999237060547,39.27601623535156,89.15430450439453,401.328857421875,98.18067932128906,,499.7346496582031,137.60446166992188,53.45621871948242,104.57366180419922,44.18468475341797,58.70573043823242,39.03676986694336,140.7091827392578
2024-03-08,168.88882446289062,62.27401351928711,41.06978225708008,38.726158142089844,3.140000104904175,39.345272064208984,89.1631851196289,398.46453857421875,96.83165740966797,,496.735107421875,136.872314453125,53.51079177856445,104.0767593383789,44.22166442871094,58.4723014831543,39.104156494140625,140.4501953125
2024-03-11,170.88705444335938,62.22866439819336,41.49758529663086,38.811546325683594,3.200000047683716,39.336612701416016,89.17211151123047,396.7969970703125,93.74677276611328,,496.3079528808594,136.4773406982422,53.43803405761719,103.83784484863281,44.18468475341797,58.99751281738281,39.17153549194336,140.3734588623047
2024-03-12,171.36187744140625,62.11080551147461,41.57536315917969,39.238468170166016,3.0899999141693115,39.28466796875,89.19880676269531,407.3515625,96.63326263427734,,501.64691162109375,137.91273498535156,53.28343200683594,104.84123992919922,44.156951904296875,59.726951599121094,39.335205078125,141.0256805419922
2024-03-13,169.28451538085938,62.05637741088867,42.69350814819336,39.11513137817383,3.130000114440918,39.293331146240234,89.21659088134766,407.17498779296875,93.39958190917969,,500.860595703125,137.7875213623047,53.1924934387207,104.66922760009766,44.147708892822266,59.60051727294922,39.624000549316406,140.47897338867188
2024-03-14,171.13436889648438,61.748111724853516,41.86705780029297,38.9159049987793,3.069999933242798,39.20676803588867,89.28780364990234,417.1017761230469,90.69164276123047,,499.87042236328125,137.18057250976562,52.93785858154297,104.20097351074219,44.07376480102539,59.54976272583008,39.30632019042969,139.98019409179688
2024-03-15,170.75845336914062,61.748111724853516,41.925392150878906,38.67872619628906,3.0799999237060547,39.1807975769043,89.2967300415039,408.46978759765625,92.49694061279297,,496.4381103515625,136.54478454589844,52.8651008605957,103.74144744873047,44.055267333984375,59.217952728271484,39.26781463623047,139.42385864257812
2024-03-18,171.84657287597656,61.69369888305664,42.23653030395508,38.74513626098633,3.0,39.1807975769043,89.31452178955078,409.35260009765625,93.02266693115234,,499.3885192871094,136.95901489257812,52.81052780151367,104.12519073486328,44.055267333984375,59.393619537353516,39.492958068847656,139.4075469970703
2024-03-19,174.18113708496094,61.7934455871582,42.52822494506836,38.55539321899414,2.950000047683716,39.22407150268555,89.32341766357422,413.3645324707031,93.24089050292969,,502.1637268066406,137.6333465576172,52.919654846191406,104.4897232055664,44.11998748779297,59.40338134765625,39.686222076416016,140.33164978027344
2024-03-20,176.74319458007812,61.929466247558594,44.12278366088867,38.991798400878906,3.0799999237060547,39.319297790527344,89.35013580322266,417.11163330078125,95.47271728515625,,506.8083190917969,138.92425537109375,53.046974182128906,105.52579498291016,44.20317077636719,59.77423095703125,40.15971374511719,140.0139923095703
2024-03-21,169.5219268798828,61.94758605957031,44.725608825683594,39.03923797607422,3.009999990463257,39.336612701416016,89.35901641845703,421.1725158691406,108.96288299560547,,508.48321533203125,139.36740112304688,53.0651741027832,105.8423843383789,44.240150451660156,59.96940994262695,40.48826217651367,140.19688415527344
2024-03-22,170.422119140625,62.147064208984375,44.326961517333984,38.76411437988281,2.9800000190734863,39.38855743408203,89.3946533203125,420.55462646484375,109.31997680664062,,507.5192565917969,139.10728454589844,53.22886276245117,105.5162124633789,44.277122497558594,59.40338134765625,40.0244255065918,140.0043487548828
2024-03-25,169.00753784179688,62.020118713378906,44.16167449951172,38.79256820678711,3.0899999141693115,39.39720153808594,89.43023681640625,414.78680419921875,116.18408966064453,,506.1170654296875,138.72193908691406,53.14701461791992,105.3051528930664,44.2493896484375,59.1106071472168,39.86982345581055,139.81182861328125
2024-03-26,167.8798370361328,62.06544494628906,44.65754318237305,38.76411437988281,3.0899999141693115,39.37124252319336,89.43916320800781,413.59991455078125,117.8405990600586,,505.18231201171875,138.5388946533203,53.1924934387207,105.18045806884766,44.240150451660156,59.05205154418945,40.00510787963867,140.32205200195312
2024-03-27,171.44100952148438,62.2830810546875,45.99931716918945,38.83052062988281,3.190000057220459,39.43184280395508,89.47474670410156,413.3841552734375,118.28697204589844,,509.4277038574219,139.5985870361328,53.32891082763672,105.96709442138672,44.2863655090332,59.256996154785156,40.47859191894531,142.1895294189453
2024-03-28,169.63070678710938,62.210548400878906,46.54380416870117,38.97283172607422,3.3299999237060547,39.44050598144531,89.49253845214844,412.6877136230469,117.05082702636719,,509.330322265625,139.5985870361328,53.247047424316406,106.0054702758789,44.26788330078125,58.720245361328125,40.700843811035156,142.20877075195312
2024-04-01,168.19635009765625,61.87150192260742,46.88410186767578,39.03923797607422,3.6500000953674316,39.34130096435547,89.52383422851562,416.4642028808594,123.41520690917969,,508.44427490234375,139.20362854003906,52.942386627197266,105.72724914550781,44.18186569213867,58.554344177246094,40.47859191894531,140.99586486816406
2024-04-02,167.0192108154297,61.826072692871094,45.60067367553711,39.162567138671875,3.619999885559082,39.30648422241211,89.55066680908203,413.3939514160156,121.8762435913086,,505.21148681640625,138.2402801513672,52.915016174316406,105.11328887939453,44.2188606262207,57.734580993652344,40.26600646972656,138.80108642578125
2024-04-03,167.82049560546875,61.88967514038086,45.27981185913086,39.19103240966797,3.6500000953674316,39.34130096435547,89.56855773925781,412.4228515625,127.09879302978516,,505.7665710449219,138.65451049804688,52.951515197753906,105.38189697265625,44.265106201171875,57.99807357788086,40.24668502807617,138.6470489501953
2024-04-04,166.9994354248047,62.05327606201172,44.60892868041992,39.04872512817383,3.5999999046325684,39.39351272583008,89.62216186523438,409.9019775390625,123.20669555664062,,499.593017578125,137.08425903320312,53.08833694458008,104.2978515625,44.32984924316406,58.06639099121094,39.792510986328125,136.64476013183594
2024-04-05,167.7512664794922,61.79877853393555,44.7839469909668,39.13410568237305,3.7200000286102295,39.358707427978516,89.60430145263672,417.39605712890625,122.70033264160156,,504.8122253417969,138.29808044433594,52.81468200683594,105.15167236328125,44.28360366821289,58.407958984375,40.169376373291016,137.86732482910156
2024-04-08,166.6334228515625,61.7442512512207,45.70762634277344,39.3902587890625,3.5999999046325684,39.34999465942383,89.63114166259766,416.4838562011719,122.07481384277344,,505.0946350097656,138.4521942138672,52.73258972167969,105.38189697265625,44.255855560302734,58.33964157104492,40.34331130981445,137.42453002929688
2024-04-09,167.84024047851562,61.9260368347168,46.00904083251953,39.65589141845703,3.6600000858306885,39.38481521606445,89.64899444580078,418.1415710449219,121.75707244873047,,505.67889404296875,138.5581817626953,52.878536224365234,105.54496765136719,44.302101135253906,58.34940719604492,40.11139678955078,137.9154510498047
2024-04-10,165.97064208984375,61.398834228515625,44.95895767211914,39.11513137817383,3.619999885559082,39.20207214355469,89.62216186523438,415.1792297363281,121.33014678955078,,500.6153869628906,137.02647399902344,52.30385971069336,104.33624267578125,44.154117584228516,59.159400939941406,39.51228332519531,136.2982635498047
2024-04-11,173.15232849121094,61.371585845947266,46.31045150756836,39.3523063659668,3.759999990463257,39.17595672607422,89.68476867675781,419.7600402832031,126.60236358642578,,504.39349365234375,137.97055053710938,52.322105407714844,104.93101501464844,44.16337203979492,58.642173767089844,39.232059478759766,135.73992919921875
2024-04-12,174.6460723876953,61.553375244140625,45.56178283691406,38.4510383605957,3.609999895095825,39.167259216308594,89.72948455810547,413.84515380859375,121.64787292480469,,497.4313659667969,135.822265625,52.47718048095703,103.2330093383789,44.24660873413086,58.69096755981445,38.71025466918945,133.71841430664062
2024-04-15,170.8277130126953,61.207969665527344,45.35759735107422,38.20437240600586,3.569999933242798,39.12375259399414,89.72948455810547,405.74285888671875,120.50606536865234,,491.199462890625,134.43505859375,52.27651596069336,102.26409912109375,44.22810745239258,58.486026763916016,38.516990661621094,133.44888305664062
2024-04-16,167.5534210205078,61.06256103515625,45.2603645324707,37.70156478881836,3.5399999618530273,39.01933670043945,89.72948455810547,406.6649475097656,120.9032211303711,,490.3036193847656,133.88595581054688,52.139678955078125,101.67890930175781,44.19111633300781,58.398197174072266,38.25608825683594,133.4969940185547
2024-04-17,166.1882781982422,61.262508392333984,46.55352783203125,37.673099517822266,3.6600000858306885,38.99321746826172,89.75627899169922,403.97723388671875,115.501953125,,487.4018859863281,133.44281005859375,52.3494758605957,101.295166015625,44.22810745239258,58.2127799987793,38.352718353271484,133.2659912109375
2024-04-18,165.23863220214844,61.08982467651367,46.52436065673828,37.82489013671875,3.640000104904175,39.06283187866211,89.774169921875,396.5517272949219,111.13326263427734,,486.3988952636719,133.04783630371094,52.2126579284668,101.14168548583984,44.2188606262207,57.83216857910156,38.487998962402344,133.25634765625
2024-04-19,163.2206268310547,61.189781188964844,46.252113342285156,37.673099517822266,3.6600000858306885,39.12375259399414,89.80994415283203,391.5001220703125,106.0099868774414,,482.1534729003906,132.27716064453125,52.249141693115234,100.67161560058594,44.22810745239258,58.095664978027344,39.019474029541016,133.7569122314453
2024-04-22,164.0515594482422,61.207969665527344,47.66194152832031,38.0810432434082,3.490000009536743,39.16291046142578,89.80994415283203,393.304931640625,108.34326171875,,486.59368896484375,133.43316650390625,52.26738357543945,101.61174774169922,44.23736572265625,58.69096755981445,39.492958068847656,134.26710510253906
2024-04-23,165.1001434326172,61.25343704223633,47.866119384765625,38.39411926269531,3.7100000381469727,39.254268646240234,89.83678436279297,399.788818359375,111.65946960449219,,492.3679504394531,134.92636108398438,52.3494758605957,102.77253723144531,44.27435302734375,57.6662712097168,39.744205474853516,136.01910400390625
2024-04-24,167.197265625,61.04438018798828,46.61185836791992,38.52693557739258,3.5999999046325684,39.254268646240234,89.84568786621094,401.2502746582031,110.98432922363281,,492.1341857910156,134.8203887939453,52.26738357543945,102.74375915527344,44.255855560302734,58.42747497558594,39.73453903198242,135.59552001953125
2024-04-25,168.05789184570312,60.92620849609375,48.498111724853516,38.61231994628906,3.7100000381469727,39.15856170654297,89.88146209716797,391.421630859375,110.78575134277344,,490.2646484375,134.33871459960938,52.12143325805664,102.41757202148438,44.22810745239258,58.759281158447266,39.50262451171875,134.69064331054688
2024-04-26,167.4742889404297,61.09889602661133,48.53700256347656,39.05820846557617,3.7799999713897705,39.20207214355469,89.89041137695312,398.5626525878906,114.02253723144531,,494.9093933105469,135.6392364501953,52.19441604614258,103.33853912353516,44.24660873413086,58.710487365722656,39.44464874267578,134.7291717529297
2024-04-29,171.6289520263672,61.22615051269531,49.05232620239258,39.43769454956055,3.799999952316284,39.29778289794922,89.90829467773438,394.5703125,113.54595947265625,,496.6620788574219,136.053466796875,52.331233978271484,103.78942108154297,44.28360366821289,58.78855895996094,39.38665771484375,135.1815643310547
2024-04-30,168.4931640625,61.02620315551758,48.68284225463867,38.88744354248047,3.559999942779541,39.20207214355469,89.92616271972656,381.8970031738281,112.15592956542969,,488.7943420410156,134.0689697265625,52.16703796386719,102.20654296875,44.20960998535156,57.91999816894531,39.000144958496094,135.0853271484375
2024-05-01,167.4742889404297,61.20387268066406,48.634239196777344,38.92538833618164,3.619999885559082,39.28428649902344,89.9486312866211,387.39990234375,108.91912841796875,,487.2071533203125,133.51988220214844,52.31710433959961,102.0146713256836,44.24660873413086,57.432044982910156,39.000144958496094,135.32598876953125
2024-05-02,171.16404724121094,61.40433883666992,49.616241455078125,39.9310188293457,3.6600000858306885,39.40676498413086,89.97554779052734,390.2445373535156,111.53041076660156,,491.76422119140625,134.9456329345703,52.52754592895508,103.26179504394531,44.348350524902344,58.27132797241211,39.09676742553711,135.229736328125
2024-05-03,181.4024200439453,61.65945816040039,50.12184524536133,40.291526794433594,3.5899999141693115,39.50297164916992,90.00247955322266,398.8961181640625,113.88352966308594,,497.8597717285156,136.5832977294922,52.75626754760742,104.36502838134766,44.413089752197266,58.37868118286133,39.183746337890625,135.566650390625
2024-05-06,179.75042724609375,61.71413040161133,51.463619232177734,40.32947540283203,3.740000009536743,39.555458068847656,89.9935073852539,405.6448059082031,119.2748794555664,,503.0010681152344,137.92237854003906,52.783729553222656,105.29556274414062,44.413089752197266,58.42747497558594,39.686222076416016,136.11532592773438
2024-05-07,180.43296813964844,61.85081100463867,50.753841400146484,40.101783752441406,3.7899999618530273,39.555458068847656,90.01148223876953,401.5249938964844,118.36144256591797,,503.55615234375,138.06686401367188,52.83863067626953,105.32434844970703,44.39459228515625,59.159400939941406,39.82150650024414,137.24163818359375
2024-05-08,180.7693328857422,61.741477966308594,50.83162307739258,40.111270904541016,3.7799999713897705,39.537960052490234,90.02940368652344,402.7020568847656,118.47064971923828,,503.6048278808594,138.05723571777344,52.76542663574219,105.25719451904297,44.39459228515625,58.84711837768555,39.96644973754883,136.76992797851562
2024-05-09,182.57957458496094,61.82347869873047,51.288604736328125,40.23460006713867,3.8499999046325684,39.54671859741211,90.07432556152344,404.44805908203125,116.97140502929688,,506.5065002441406,138.8568115234375,52.87521743774414,105.90953826904297,44.47782897949219,59.18790054321289,40.26600646972656,137.9443359375
2024-05-10,181.3215789794922,61.65034866333008,51.14274978637695,40.31999206542969,4.300000190734863,39.537960052490234,90.08330535888672,406.8218688964844,120.37698364257812,,507.15899658203125,139.08802795410156,52.75626754760742,106.08221435546875,44.4500846862793,59.227081298828125,40.420616149902344,138.2235107421875
2024-05-13,184.52105712890625,61.65945816040039,51.620094299316406,40.623573303222656,4.210000038146973,39.537960052490234,90.11920166015625,405.8213195800781,122.12445068359375,,507.2270202636719,139.00131225585938,52.783729553222656,106.0630111694336,44.440834045410156,59.15852355957031,40.25634765625,138.0887451171875
2024-05-14,185.6602020263672,61.73234939575195,51.68828201293945,40.84177780151367,4.440000057220459,39.57294845581055,90.11920166015625,408.6070861816406,123.92157745361328,,509.5543212890625,139.82015991210938,52.911827087402344,106.71536254882812,44.47782897949219,58.61991882324219,40.45926284790039,138.67593383789062
2024-05-15,187.92861938476562,62.12417221069336,51.88311004638672,41.27817916870117,4.480000019073486,39.68666076660156,90.13715362548828,415.7511901855469,126.90021514892578,,515.8641967773438,141.41932678222656,53.186317443847656,107.952880859375,44.54256820678711,58.590545654296875,40.758819580078125,140.73593139648438
2024-05-16,188.04745483398438,62.033058166503906,51.152496337890625,41.363563537597656,4.400000095367432,39.66042709350586,90.1551284790039,413.6973876953125,126.97965240478516,,514.8028564453125,141.072509765625,53.103965759277344,107.60753631591797,44.54256820678711,62.68395233154297,40.758819580078125,140.5723114013672
2024-05-17,188.07717895507812,61.896366119384766,51.33758544921875,41.54381561279297,4.519999980926514,39.66042709350586,90.20001220703125,412.9309387207031,124.3981704711914,,515.5427856445312,141.3518829345703,53.00331115722656,107.90493774414062,44.54256820678711,63.31069564819336,41.058372497558594,140.84182739257812
2024-05-20,189.23611450195312,61.84169387817383,51.620094299316406,41.39202880859375,4.53000020980835,39.68666076660156,90.2090072631836,417.9720458984375,128.08177185058594,,516.1366577148438,141.40005493164062,52.94841384887695,107.97208404541016,44.5333251953125,62.850425720214844,40.49791717529297,140.54342651367188
2024-05-21,190.53378295898438,61.95103073120117,50.87973403930664,41.13587951660156,4.489999771118164,39.68666076660156,90.21797943115234,421.60797119140625,126.59241485595703,,517.402587890625,141.63125610351562,53.0399055480957,107.96248626708984,44.579566955566406,63.800331115722656,40.758819580078125,140.78407287597656
2024-05-22,189.09744262695312,61.82347869873047,50.246543884277344,41.00305938720703,4.010000228881836,39.642948150634766,90.22694396972656,423.06231689453125,125.381103515625,,515.9127807617188,140.94728088378906,52.966712951660156,107.4156723022461,44.55181884765625,63.898250579833984,40.526912689208984,141.03436279296875
2024-05-23,185.1154022216797,61.68680191040039,49.876365661621094,40.6994743347168,3.869999885559082,39.590457916259766,90.2718505859375,419.6033020019531,125.37118530273438,,512.14453125,139.9742889404297,52.83863067626953,106.64820098876953,44.50556945800781,63.49674606323242,39.96644973754883,139.4941864013672
2024-05-24,188.18612670898438,61.741477966308594,50.499813079833984,40.813316345214844,4.0,39.616695404052734,90.28981018066406,422.7085266113281,128.56826782226562,,515.532958984375,140.94728088378906,52.86607360839844,107.4348373413086,44.5333251953125,64.02555847167969,40.20802688598633,139.02247619628906
2024-05-28,188.196044921875,61.513668060302734,48.98014831542969,40.75638961791992,4.090000152587891,39.590457916259766,90.29878997802734,422.86578369140625,131.7256317138672,,515.893310546875,140.9761962890625,52.692230224609375,107.34851837158203,44.54256820678711,63.69261169433594,39.76353073120117,137.33787536621094
2024-05-29,188.4932098388672,61.26765441894531,48.60997772216797,40.14922332763672,3.990000009536743,39.50297164916992,90.3526382446289,421.7356872558594,130.6433868408203,,512.2807006835938,139.5118865966797,52.545841217041016,106.17814636230469,44.4963264465332,63.575096130371094,39.44464874267578,136.26939392089844
2024-05-30,189.4837646484375,61.47722625732422,48.814544677734375,40.03537368774414,4.019999980926514,39.555458068847656,90.36164093017578,407.4869079589844,125.39103698730469,,508.8824157714844,139.32884216308594,52.71968078613281,106.1109848022461,44.570316314697266,63.54572296142578,39.65723419189453,136.3367462158203
2024-05-31,190.43470764160156,61.632137298583984,49.70101547241211,39.64641189575195,3.950000047683716,39.695411682128906,90.3885726928711,407.9389343261719,124.11021423339844,,513.5174560546875,140.36927795410156,52.911827087402344,106.9072265625,44.65355682373047,64.39771270751953,40.23701858520508,138.32937622070312
2024-06-03,192.19789123535156,61.926292419433594,49.47697067260742,40.063838958740234,3.8499999046325684,39.726192474365234,90.40660858154297,406.35675048828125,127.25765991210938,,513.93603515625,140.70643615722656,53.12200164794922,107.01275634765625,44.67205810546875,64.45645141601562,39.98577880859375,139.30166625976562
2024-06-04,192.514892578125,62.10896682739258,48.57100296020508,39.50410079956055,3.7100000381469727,39.76136779785156,90.43368530273438,408.8626403808594,125.73853302001953,,514.5106201171875,140.6775360107422,53.32390213012695,106.80171203613281,44.709049224853516,65.22029876708984,39.80217742919922,139.70594787597656
2024-06-05,194.02049255371094,62.2642707824707,49.50619125366211,40.13973617553711,3.8299999237060547,39.831703186035156,90.45172119140625,416.6650695800781,132.7582244873047,,520.625732421875,142.1514892578125,53.45240020751953,107.90493774414062,44.75529479980469,65.70013427734375,39.91813659667969,140.34129333496094
2024-06-06,192.64364624023438,62.2642707824707,49.12627410888672,40.338966369628906,3.9800000190734863,39.85808181762695,90.4697494506836,417.16619873046875,129.14413452148438,,520.6159057617188,142.2381591796875,53.45240020751953,107.98167419433594,44.75529479980469,65.75890350341797,39.89881134033203,140.80332946777344
2024-06-07,195.03089904785156,61.88059997558594,49.136009216308594,39.88358688354492,3.5799999237060547,39.770145416259766,90.49681854248047,416.5078430175781,130.00791931152344,,519.9829711914062,141.640869140625,53.06692123413086,107.45403289794922,44.62581253051758,64.51521301269531,40.08240509033203,140.95733642578125
2024-06-10,191.29649353027344,61.697898864746094,49.1944694519043,40.12076187133789,3.6600000858306885,39.76136779785156,90.52387237548828,420.4582214355469,133.86033630371094,,521.5895385742188,141.95880126953125,53.02104187011719,107.70346069335938,44.62581253051758,65.57282257080078,39.92779541015625,141.47718811035156
2024-06-11,205.19398498535156,61.944522857666016,48.015743255615234,39.98702621459961,3.609999895095825,39.770145416259766,90.54191589355469,425.1849060058594,134.10853576660156,,522.8457641601562,141.7635955810547,53.19541549682617,107.52120971679688,44.66280746459961,65.34758758544922,39.473636627197266,140.88995361328125
2024-06-12,211.05813598632812,62.16379165649414,49.31135940551758,40.38823318481445,3.640000104904175,39.884464263916016,90.56898498535156,433.41973876953125,139.7480926513672,,527.139892578125,143.0843963623047,53.40650177001953,108.56684875488281,44.644309997558594,64.9363021850586,39.43498229980469,140.59158325195312
2024-06-13,212.2170867919922,62.41958236694336,48.872989654541016,40.29270553588867,3.549999952316284,39.91084289550781,90.53288269042969,433.93072509765625,142.12109375,,528.2013549804688,142.7736053466797,53.65431213378906,108.1831283569336,44.71829605102539,65.31820678710938,39.4059944152832,140.4760284423828
2024-06-14,210.4835968017578,62.54745864868164,47.460487365722656,40.34046936035156,3.619999885559082,39.902042388916016,90.55091857910156,434.9035949707031,140.35377502441406,,528.522705078125,142.3560028076172,53.71854782104492,107.83778381347656,44.71829605102539,65.63158416748047,39.28038024902344,140.42791748046875
2024-06-17,214.62411499023438,62.34648513793945,48.42488479614258,40.598384857177734,3.5999999046325684,39.884464263916016,90.59605407714844,440.60308837890625,146.77769470214844,,532.7291259765625,143.22036743164062,53.53500747680664,108.53807830810547,44.709049224853516,66.02330780029297,39.62824249267578,140.28350830078125
2024-06-18,212.26657104492188,62.53831100463867,48.298248291015625,40.97093963623047,3.75,39.91962814331055,90.64112091064453,438.6082763671875,152.35769653320312,,534.0825805664062,143.6962432861328,53.709388732910156,108.89303588867188,44.810787200927734,66.19956970214844,39.87948989868164,140.46640014648438
2024-06-20,207.7001190185547,62.42869186401367,48.327476501464844,40.90407180786133,3.8299999237060547,39.937217712402344,90.62309265136719,437.9793395996094,143.1636199951172,,532.6317749023438,143.46315002441406,53.626773834228516,108.701171875,44.83853530883789,66.60108947753906,40.09207534790039,140.92845153808594
2024-06-21,205.53082275390625,62.465248107910156,48.10341262817383,40.760780334472656,3.700000047683716,39.954811096191406,90.6591796875,441.9886779785156,138.5467071533203,,531.917724609375,142.9872589111328,53.645137786865234,108.40997314453125,44.82003402709961,66.50316619873047,39.937461853027344,141.32315063476562
2024-06-24,206.17466735839844,62.465248107910156,48.122901916503906,40.760780334472656,3.7200000286102295,39.98118591308594,90.67721557617188,439.915283203125,138.0205078125,,530.1885986328125,143.02613830566406,53.66350173950195,108.52567291259766,44.83853530883789,67.47264862060547,40.34782791137695,142.14749145507812
2024-06-25,207.09591674804688,62.4743766784668,47.54815673828125,40.665260314941406,3.690000057220459,39.98118591308594,90.68622589111328,443.138427734375,140.11549377441406,,532.2302856445312,143.52142333984375,53.672664642333984,108.7378158569336,44.83853530883789,66.02330780029297,40.047088623046875,141.70294189453125
2024-06-26,211.23641967773438,62.236854553222656,46.9344367980957,40.579280853271484,3.7200000286102295,39.94601058959961,90.72229766845703,444.3275146484375,141.3466339111328,,532.8945922851562,143.4437255859375,53.47992706298828,108.57388305664062,44.82003402709961,66.87527465820312,39.79485321044922,141.20042419433594
2024-06-27,212.0784149169922,62.31906509399414,47.34358596801758,40.607940673828125,3.740000009536743,39.96360397338867,90.75840759277344,445.0055236816406,131.28875732421875,,533.7346801757812,143.4825897216797,53.56254196166992,108.7763671875,44.866275787353516,66.47377014160156,39.74634552001953,140.96849060058594
2024-06-28,208.63124084472656,62.11811065673828,46.213565826416016,40.68436050415039,3.75,39.97238540649414,90.78543853759766,439.20770263671875,130.59375,,531.6343994140625,143.2397918701172,53.443214416503906,108.60279846191406,44.89402770996094,66.30729675292969,39.88216781616211,140.85250854492188
2024-07-01,214.70335388183594,61.8433723449707,45.70701217651367,40.779884338378906,3.6600000858306885,39.920249938964844,90.78544616699219,448.81829833984375,130.5838165283203,,532.728515625,143.55056762695312,53.21030807495117,108.74745178222656,44.86042404174805,66.08206176757812,39.96947479248047,140.06007385253906
2024-07-02,218.1901397705078,62.008201599121094,45.50244140625,40.90407180786133,3.680000066757202,40.00420379638672,90.83979034423828,451.32415771484375,131.6461944580078,,536.3135986328125,144.29835510253906,53.329994201660156,109.25849914550781,44.888427734375,66.65984344482422,40.435142517089844,139.54786682128906
2024-07-03,219.45802307128906,62.273780822753906,46.16486358642578,41.50587844848633,3.809999942779541,40.01305389404297,90.85792541503906,452.788330078125,135.8460693359375,,538.7069702148438,145.27926635742188,53.560142517089844,110.09739685058594,44.92576599121094,66.8263168334961,40.30902099609375,138.48486328125
2024-07-05,224.2028045654297,62.48443603515625,44.830284118652344,41.67782974243164,3.990000009536743,40.13679885864258,90.88511657714844,459.460693359375,130.6632537841797,,541.8134155273438,146.1630401611328,53.79949951171875,110.60844421386719,45.03778076171875,68.58902740478516,40.29932403564453,139.55755615234375
2024-07-08,225.66885375976562,62.52103805541992,45.1517448425293,41.6873779296875,4.070000171661377,40.145633697509766,90.91227722167969,458.16357421875,129.8732147216797,,542.4386596679688,146.00765991210938,53.790287017822266,110.57950592041016,45.0284423828125,68.23648834228516,40.19260787963867,139.4029083251953
2024-07-09,226.52072143554688,62.43863296508789,45.677791595458984,41.85932540893555,4.070000171661377,40.15446853637695,90.939453125,451.57965087890625,130.3203887939453,,542.9661254882812,146.0950469970703,53.75346755981445,110.56023406982422,45.0097770690918,68.45194244384766,40.503047943115234,140.0794219970703
2024-07-10,230.7801055908203,62.54854202270508,45.64856719970703,42.09813690185547,4.190000057220459,40.16331481933594,90.92134857177734,458.1733703613281,135.53759765625,,548.3389282226562,147.6392364501953,53.78107452392578,111.72696685791016,45.019107818603516,68.95137786865234,40.658267974853516,141.4033660888672
2024-07-11,225.4211883544922,62.768314361572266,43.826908111572266,42.34650802612305,4.230000019073486,40.24286651611328,90.9303970336914,446.82342529296875,129.4160919189453,,543.6109008789062,146.91085815429688,54.0572624206543,111.50519561767578,45.05644607543945,68.35401153564453,40.97841262817383,142.39874267578125
2024-07-12,228.36314392089844,62.85990905761719,42.49232864379883,42.51845169067383,4.210000038146973,40.29589080810547,90.96663665771484,445.6933898925781,132.71534729003906,,547.0396118164062,148.00828552246094,54.167728424072266,112.25729370117188,45.09378433227539,67.80559539794922,41.11423110961914,143.287841796875
2024-07-15,232.1867218017578,62.768314361572266,41.88835525512695,42.06948471069336,4.119999885559082,40.340087890625,90.95757293701172,446.0963134765625,130.0520782470703,,548.5441284179688,148.0180206298828,54.09408187866211,112.22835540771484,45.13111877441406,68.16793823242188,41.71571350097656,142.7853240966797
2024-07-16,232.6027374267578,63.00643539428711,44.830284118652344,42.30829620361328,4.25,40.366600036621094,90.99382781982422,441.73321533203125,126.6932144165039,,551.7969970703125,148.88235473632812,54.222965240478516,113.0576171875,45.13111877441406,68.54005432128906,42.19107437133789,144.8243865966797
2024-07-17,226.71884155273438,63.052207946777344,44.57699966430664,41.620513916015625,4.130000114440918,40.357757568359375,91.01193237304688,435.8370361328125,118.7531509399414,,544.0601806640625,147.2313690185547,54.24137878417969,111.65946960449219,45.15912628173828,69.55851745605469,42.51122283935547,145.48155212402344
2024-07-18,222.06320190429688,62.942325592041016,43.75871658325195,41.228858947753906,4.050000190734863,40.366600036621094,91.02099609375,432.74169921875,116.71595764160156,,539.8792724609375,145.91053771972656,54.149322509765625,110.7145004272461,45.11245346069336,69.35285949707031,41.9970588684082,142.17649841308594
2024-07-19,222.19198608398438,62.823265075683594,44.26527404785156,40.82765197753906,4.010000228881836,40.333900451660156,91.03911590576172,429.5381774902344,113.54589080810547,,536.2940673828125,144.88107299804688,54.04804229736328,109.98168182373047,45.06577682495117,69.28431701660156,41.5701904296875,142.90130615234375
2024-07-22,221.84530639648438,62.777488708496094,42.696903228759766,41.171539306640625,4.079999923706055,40.366600036621094,91.12970733642578,435.2671813964844,114.55951690673828,,541.8231811523438,146.42526245117188,54.02043151855469,111.08091735839844,45.05644607543945,68.92198944091797,41.80302810668945,143.7227325439453
2024-07-23,222.8853759765625,62.777488708496094,42.48258590698242,40.80854415893555,4.079999923706055,40.37985610961914,91.08441162109375,437.14410400390625,113.53594970703125,,540.9733276367188,145.95907592773438,54.0572624206543,110.7337875366211,45.06577682495117,69.1864013671875,41.880638122558594,143.63577270507812
2024-07-24,216.47647094726562,62.649261474609375,41.82990646362305,40.216285705566406,4.0,40.34891891479492,91.1115951538086,421.47039794921875,109.59077453613281,,528.7135009765625,142.9872589111328,54.02043151855469,108.60279846191406,45.06577682495117,69.13742065429688,41.30826187133789,144.83407592773438
2024-07-25,215.4364013671875,62.768314361572266,42.34620666503906,40.053890228271484,3.9200000762939453,40.357757568359375,91.12970733642578,411.15228271484375,106.7784423828125,,525.9586791992188,142.27830505371094,54.09408187866211,108.23640441894531,45.10311508178711,68.56944274902344,41.46348571777344,144.10926818847656
2024-07-26,215.9019317626953,62.997276306152344,42.989139556884766,40.46465301513672,3.9200000762939453,40.43730545043945,91.17500305175781,417.90325927734375,108.72621154785156,,531.8493041992188,143.86134338378906,54.278194427490234,109.48027038574219,45.149784088134766,68.33441162109375,42.113460540771484,144.92105102539062
2024-07-29,216.1793212890625,63.11631774902344,42.06370162963867,40.33091735839844,3.950000047683716,40.44615936279297,91.17500305175781,419.3379821777344,107.17594909667969,,532.1619262695312,143.8127899169922,54.32423782348633,109.33563232421875,45.149784088134766,68.17772674560547,42.05525588989258,145.00802612304688
2024-07-30,216.73399353027344,63.1987190246582,42.259212493896484,40.1494140625,4.03000020980835,40.46382522583008,91.19313049316406,415.5939636230469,101.91901397705078,,529.4656982421875,143.40489196777344,54.39788818359375,109.0560073852539,45.168453216552734,67.75664520263672,42.54032897949219,145.1336669921875
2024-07-31,219.9830322265625,63.482643127441406,42.05392074584961,41.028255462646484,4.119999885559082,40.54336929321289,91.19313049316406,411.1031494140625,109.1336441040039,,538.072021484375,145.6483154296875,54.70166778564453,110.75306701660156,45.30846405029297,67.21802520751953,42.43361282348633,144.60214233398438
2024-08-01,216.29815673828125,63.65339660644531,40.568058013916016,40.31180953979492,4.079999923706055,40.580684661865234,91.1931381225586,409.8846130371094,100.87557983398438,,530.4524536132812,143.06495666503906,54.90022659301758,108.74745178222656,45.33646774291992,68.34420776367188,41.832130432128906,146.08071899414062
2024-08-02,217.78399658203125,64.22264099121094,38.9355583190918,39.7386589050293,3.859999895095825,40.63398742675781,91.22952270507812,401.4139404296875,92.12063598632812,,520.5762329101562,140.45245361328125,55.53740310668945,106.75145721435547,45.42048263549805,67.04176330566406,40.803794860839844,145.79083251953125
2024-08-05,207.2939910888672,64.1767349243164,37.07823181152344,38.6114501953125,3.7100000381469727,40.56292724609375,91.18401336669922,388.3050231933594,89.85488891601562,,505.4151306152344,136.62603759765625,55.53740310668945,103.86837768554688,45.42981719970703,66.18977355957031,39.6202278137207,141.89622497558594
2024-08-06,205.2732391357422,63.80949020385742,37.361717224121094,38.8311653137207,3.759999990463257,40.55402755737305,91.22952270507812,392.68780517578125,88.44377136230469,,510.0747985839844,137.67489624023438,55.214202880859375,104.6494140625,45.35513687133789,66.336669921875,40.26051330566406,142.5533905029297
2024-08-07,207.8388214111328,63.690120697021484,36.4819221496582,39.06998062133789,3.5799999237060547,40.580684661865234,91.22041320800781,391.5281982421875,86.25751495361328,,506.66546630859375,137.11160278320312,55.094154357910156,104.3794174194336,45.33646774291992,65.52387237548828,40.30902099609375,141.10379028320312
2024-08-08,211.2958221435547,63.690120697021484,38.72050476074219,39.95836639404297,3.680000066757202,40.598453521728516,91.23860931396484,395.7144470214844,91.49458312988281,,518.378173828125,140.025146484375,54.992557525634766,106.60681915283203,45.31780242919922,66.25834655761719,40.95901107788086,144.22523498535156
2024-08-09,214.1981964111328,63.901283264160156,38.41746520996094,40.17808151245117,4.28000020980835,40.616214752197266,91.26593780517578,398.9866638183594,92.49826049804688,,520.6640625,140.8506622314453,55.10338592529297,107.05037689208984,45.34580993652344,66.54232788085938,41.13364028930664,144.9403839111328
2024-08-12,215.72544860839844,63.99310302734375,38.18284606933594,40.31180953979492,4.71999979019165,40.64287567138672,91.30233764648438,399.7630310058594,94.04852294921875,,520.9375610351562,140.7244110107422,55.22343444824219,107.06966400146484,45.42048263549805,67.27678680419922,40.920204162597656,144.3895263671875
2024-08-13,219.43438720703125,64.15839385986328,38.612972259521484,40.760780334472656,4.869999885559082,40.70505142211914,91.33871459960938,406.8382873535156,96.83102416992188,,529.5048217773438,143.17178344726562,55.40812683105469,108.7378158569336,45.46715545654297,66.71859741210938,41.25975036621094,146.13870239257812
2024-08-14,219.8806610107422,64.2318344116211,37.821163177490234,40.541072845458984,4.869999885559082,40.72282028198242,91.3114242553711,409.6389465332031,99.78245544433594,,531.1751708984375,143.60882568359375,55.43583679199219,109.00779724121094,45.448482513427734,67.23762512207031,41.76422882080078,146.66058349609375
2024-08-15,222.85577392578125,64.011474609375,39.27770233154297,40.99004364013672,4.900000095367432,40.71394348144531,91.29322052001953,414.482421875,106.28157806396484,,540.2796630859375,145.7648468017578,55.149559020996094,110.61808013916016,45.373809814453125,71.66398620605469,42.15227508544922,147.57864379882812
2024-08-16,224.1747283935547,64.14920806884766,39.248374938964844,41.46767044067383,5.079999923706055,40.74947738647461,91.37510681152344,411.96221923828125,107.31507873535156,,541.4910888671875,146.36700439453125,55.23267364501953,111.05198669433594,45.392478942871094,72.1333999633789,42.46271514892578,147.73326110839844
2024-08-19,224.0160675048828,64.1767349243164,39.56119155883789,41.86888122558594,5.119999885559082,40.78501510620117,91.42973327636719,414.97467041015625,107.9510726928711,,546.6683959960938,147.83346557617188,55.26036834716797,112.18980407714844,45.38314437866211,72.39856719970703,42.69554901123047,148.6320343017578
2024-08-20,224.63092041015625,64.31444549560547,39.21904754638672,41.54409408569336,5.170000076293945,40.78501510620117,91.40243530273438,418.19378662109375,107.31507873535156,,545.7794799804688,147.6198272705078,55.43583679199219,111.88124084472656,45.42981719970703,73.20387268066406,42.55973434448242,149.231201171875
2024-08-21,224.52182006835938,64.40628051757812,39.27770233154297,41.706485748291016,5.269999980926514,40.87385177612305,91.43885040283203,417.5440368652344,107.6529541015625,,547.6551513671875,148.46475219726562,55.546653747558594,112.52727508544922,45.504486083984375,73.89131927490234,42.4918212890625,149.48245239257812
2024-08-22,222.66732788085938,64.19509887695312,39.23860168457031,41.190643310546875,5.170000076293945,40.829429626464844,91.42973327636719,409.0876159667969,103.60839080810547,,543.3568725585938,147.12451171875,55.343482971191406,111.58232116699219,45.448482513427734,74.22522735595703,42.73435592651367,149.5791015625
2024-08-23,224.95819091796875,64.43382263183594,40.45075607299805,41.87843704223633,5.210000038146973,40.90937423706055,91.46614074707031,410.308349609375,102.20719909667969,,549.1302490234375,149.36795043945312,55.56511688232422,113.20226287841797,45.579166412353516,74.34307098388672,43.103004455566406,150.22657775878906
2024-08-26,225.2953338623047,64.35118865966797,40.05973815917969,41.524986267089844,5.150000095367432,40.91826248168945,91.5025405883789,407.0596923828125,98.29183197021484,,547.8211059570312,148.94061279296875,55.50970458984375,112.68155670166016,45.59783172607422,74.66716766357422,43.238826751708984,150.14927673339844
2024-08-27,226.13827514648438,64.32361602783203,39.8935546875,41.582298278808594,5.159999847412109,40.96268081665039,91.52983093261719,407.4042663574219,97.24839782714844,,548.5733642578125,149.16400146484375,55.53740310668945,113.00940704345703,45.61650085449219,74.765380859375,43.46195602416992,150.38119506835938
2024-08-28,224.611083984375,64.30528259277344,39.5220832824707,41.324378967285156,4.940000057220459,41.00710678100586,91.52983093261719,404.21466064453125,94.26713562011719,,545.3887329101562,148.4550323486328,55.518951416015625,112.35370635986328,45.6071662902832,74.71626281738281,43.56866455078125,150.55514526367188
2024-08-29,227.8837127685547,64.2318344116211,40.626712799072266,41.34348678588867,5.019999980926514,40.944915771484375,91.56624603271484,406.6954650878906,94.97270202636719,,545.4376220703125,148.55215454101562,55.463531494140625,112.51764678955078,45.59783172607422,75.05017852783203,43.956722259521484,150.87408447265625
2024-08-30,227.1002655029297,64.14920806884766,41.535831451416016,41.42945861816406,4.940000057220459,40.97156524658203,91.61173248291016,410.6529235839844,95.63851165771484,,550.6443481445312,149.7369842529297,55.35272216796875,113.3372573852539,45.56049346923828,75.84564971923828,44.373878479003906,151.91775512695312
2024-09-03,220.92196655273438,64.3517074584961,41.418521881103516,40.607940673828125,4.860000133514404,40.97246170043945,91.60259246826172,403.07269287109375,88.02638244628906,,539.3126220703125,146.65835571289062,55.57966613769531,111.10984802246094,45.56983184814453,75.7867202758789,44.04403305053711,151.6278533935547
2024-09-04,219.0178680419922,64.62785339355469,41.418521881103516,40.598384857177734,4.809999942779541,41.02603530883789,91.63001251220703,402.54107666015625,88.7319564819336,,538.2088012695312,146.376708984375,55.82978057861328,110.86878967285156,45.61650085449219,75.85547637939453,44.09254455566406,151.366943359375
2024-09-05,220.53518676757812,64.71989440917969,41.22300720214844,40.655704498291016,5.019999980926514,41.0796012878418,91.51114654541016,402.03900146484375,88.83131408691406,,536.8997802734375,145.8619842529297,55.894622802734375,110.67593383789062,45.61650085449219,75.58049011230469,43.60747528076172,149.2891845703125
2024-09-06,218.98812866210938,64.77513885498047,41.086151123046875,39.91060256958008,4.809999942779541,41.11531066894531,91.69402313232422,395.45306396484375,85.84014892578125,,527.8635864257812,143.49229431152344,56.0243034362793,108.79566955566406,45.68183517456055,75.2662353515625,42.96718215942383,148.77699279785156
2024-09-09,219.07737731933594,64.87639617919922,42.69910430908203,40.24494552612305,4.809999942779541,41.15102767944336,91.71228790283203,399.4105224609375,85.73082733154297,,533.7736206054688,145.02676391601562,56.05209732055664,109.9141845703125,45.700504302978516,75.95368194580078,43.60747528076172,149.82069396972656
2024-09-10,218.2839813232422,65.03287506103516,42.42539978027344,40.092105865478516,4.860000133514404,41.133182525634766,91.73059844970703,407.7586669921875,86.30720520019531,,536.0987548828125,145.42494201660156,56.23736572265625,110.02989196777344,45.75651931762695,77.39733123779297,43.16121292114258,150.50686645507812
2024-09-11,220.81285095214844,65.07887268066406,43.2856330871582,40.38823318481445,4.940000057220459,41.15996170043945,91.71228790283203,416.461181640625,90.08345794677734,,541.5985717773438,146.8525848388672,56.172523498535156,110.9266357421875,45.784515380859375,77.42679595947266,42.957481384277344,150.06227111816406
2024-09-12,220.92196655273438,64.98684692382812,43.27585983276367,40.722572326660156,5.349999904632568,41.16889572143555,91.73059844970703,420.359619140625,86.66494750976562,,546.1605224609375,147.96945190429688,56.126197814941406,111.88124084472656,45.82185363769531,78.23210144042969,43.054500579833984,150.60348510742188
2024-09-13,220.65419006347656,65.10651397705078,44.1654167175293,40.91362380981445,5.420000076293945,41.2046012878418,91.77629852294922,423.8937072753906,90.64989471435547,,549.0130004882812,148.7269744873047,56.23736572265625,112.46942901611328,45.905860900878906,79.1552505493164,43.18061828613281,150.91273498535156
2024-09-16,214.52545166015625,65.25379180908203,44.302276611328125,41.04736328125,5.460000038146973,41.26710510253906,91.82201385498047,424.6321105957031,86.63513946533203,,549.8237915039062,149.24169921875,56.32072830200195,112.9033432006836,45.95253372192383,79.115966796875,43.7432975769043,151.95643615722656
2024-09-17,214.9915771484375,65.17093658447266,45.63173294067383,41.09511947631836,5.400000095367432,41.302818298339844,91.83116912841797,428.3828430175781,88.17546081542969,,550.0485229492188,148.9989013671875,56.23736572265625,112.83585357666016,45.9712028503418,77.19110107421875,43.97612380981445,150.39085388183594
2024-09-18,218.8592071533203,64.99605560302734,45.8663444519043,40.95183181762695,5.289999961853027,41.293880462646484,91.87688446044922,424.1103515625,86.80406951904297,,548.4171142578125,148.6007080078125,56.10768127441406,112.51764678955078,45.93386459350586,77.61338806152344,43.84030532836914,150.13963317871094
2024-09-19,226.97132873535156,64.98684692382812,46.071632385253906,41.82111358642578,5.309999942779541,41.39210510253906,91.904296875,431.8677978515625,88.69220733642578,,557.7755737304688,151.17434692382812,56.09842300415039,114.51363372802734,46.01787185668945,76.64112854003906,44.32537078857422,150.68081665039062
2024-09-20,226.306884765625,64.96842956542969,45.88589859008789,41.73514175415039,5.480000019073486,41.39210510253906,91.93174743652344,428.5009765625,90.33189392089844,,556.8113403320312,150.64019775390625,56.10768127441406,114.08496856689453,46.03654098510742,77.6428451538086,44.29627227783203,150.06227111816406
2024-09-23,224.5912322998047,64.95923614501953,46.10095977783203,42.05992889404297,5.389999866485596,41.39210510253906,91.95916748046875,426.7683410644531,92.9852066040039,,558.2027587890625,151.09666442871094,56.07988739013672,114.45267486572266,46.02720642089844,78.89009857177734,44.24271774291992,149.7683868408203
2024-09-24,225.48377990722656,65.06968688964844,46.72658157348633,43.49281311035156,5.46999979019165,41.3831672668457,91.95916748046875,422.4958190917969,93.41251373291016,,559.7999267578125,151.5725555419922,56.16325759887695,115.22679138183594,46.10188293457031,79.22399139404297,43.87273025512695,149.4676971435547
2024-09-25,224.49208068847656,64.8855972290039,47.65525436401367,43.0342903137207,5.5,41.40995407104492,91.97745513916016,425.39013671875,95.17144775390625,,558.5653076171875,151.1937713623047,56.00577926635742,114.65586853027344,46.064544677734375,79.9408950805664,43.60984802246094,148.0126953125
2024-09-26,225.63255310058594,64.92243194580078,50.64653396606445,44.6104621887207,5.519999980926514,41.3831672668457,92.00486755371094,424.6025390625,109.19328308105469,,560.7798461914062,152.57284545898438,55.94093704223633,116.07830810546875,45.98987579345703,78.4874267578125,43.83378219604492,148.5074005126953
2024-09-27,225.90028381347656,65.05126190185547,50.382598876953125,44.52449035644531,5.28000020980835,41.418888092041016,92.04145812988281,421.36370849609375,106.82814025878906,,559.9664916992188,152.10667419433594,56.126197814941406,115.73963165283203,46.073883056640625,78.3499526977539,43.960357666015625,148.42977905273438
2024-09-30,231.06710815429688,64.99605560302734,49.64944076538086,43.808048248291016,5.230000019073486,41.418888092041016,92.05973815917969,423.6082763671875,103.06182098388672,,562.2105102539062,152.38833618164062,55.968719482421875,115.82671356201172,46.02720642089844,79.30255126953125,44.12588119506836,149.3997802734375
2024-10-01,224.33340454101562,65.22027587890625,48.838077545166016,44.12328338623047,5.340000152587891,41.50053787231445,92.02300262451172,414.1476745605469,99.68307495117188,,557.1738891601562,151.12579345703125,56.11738967895508,115.09131622314453,46.1004753112793,79.813232421875,43.8922004699707,148.6140899658203
2024-10-02,224.898681640625,65.0726318359375,47.313106536865234,44.9925651550293,5.320000171661377,41.42875671386719,92.07810974121094,410.6430969238281,99.22595977783203,,557.4090576171875,151.1452178955078,56.024471282958984,115.26548767089844,46.109867095947266,78.9883041381836,43.940887451171875,148.3133544921875
2024-10-03,223.79788208007812,64.86038970947266,46.39421844482422,44.45762634277344,5.139999866485596,41.41080856323242,92.06889343261719,410.0622863769531,101.18363952636719,,556.3900146484375,150.57220458984375,55.83864212036133,114.62683868408203,46.062896728515625,78.9883041381836,43.707210540771484,146.97479248046875
2024-10-04,224.9185028076172,64.54666137695312,48.17334747314453,44.86838150024414,5.039999961853027,41.303131103515625,92.11483001708984,409.5897216796875,101.61095428466797,,561.4461669921875,151.83474731445312,55.383399963378906,115.64287567138672,45.893829345703125,79.48915100097656,44.44718551635742,147.09120178222656
2024-10-07,219.85089111328125,64.3990478515625,48.35908889770508,45.24093246459961,4.539999961853027,41.22237014770508,92.16073608398438,403.1711730957031,102.3819808959961,,556.3704223632812,150.5333709716797,55.22545623779297,114.94617462158203,45.87504196166992,77.68214416503906,43.901939392089844,146.44126892089844
2024-10-08,223.89706420898438,64.463623046875,49.48325729370117,44.12328338623047,4.579999923706055,41.22237014770508,92.16073608398438,408.2607421875,102.01387023925781,,561.6322631835938,151.5725555419922,55.271915435791016,115.13969421386719,45.893829345703125,78.28119659423828,44.155086517333984,147.23667907714844
2024-10-09,227.63575744628906,64.29753112792969,49.835174560546875,43.88446807861328,4.550000190734863,41.21339416503906,92.16991424560547,410.96795654296875,101.17817687988281,,565.5223999023438,152.37860107421875,55.13254928588867,115.594482421875,45.856258392333984,78.95882415771484,44.564022064208984,148.74017333984375
2024-10-10,227.13992309570312,64.32523345947266,49.30574035644531,43.97043991088867,4.849999904632568,41.25826644897461,92.19745635986328,409.3731384277344,105.14771270751953,,564.53271484375,152.12611389160156,55.160423278808594,115.41063690185547,45.968971252441406,78.18299865722656,44.427711486816406,148.1873016357422
2024-10-11,225.6623077392578,64.32523345947266,50.325382232666016,44.285675048828125,4.829999923706055,41.24928665161133,92.24337005615234,409.8456726074219,106.37139129638672,,567.913330078125,153.0001678466797,55.18830108642578,116.20410919189453,45.99715042114258,78.6642074584961,45.28452682495117,149.273681640625
2024-10-14,229.38119506835938,64.31597900390625,52.13917922973633,44.10417556762695,4.769999980926514,41.25826644897461,92.23419189453125,412.621826171875,107.78411102294922,,572.557861328125,153.97134399414062,55.10467529296875,116.78467559814453,45.968971252441406,78.8508071899414,45.5668830871582,150.0981903076172
2024-10-15,231.91004943847656,64.54666137695312,51.69798278808594,43.168025970458984,4.920000076293945,41.28518295288086,92.2525634765625,412.22802734375,103.78474426269531,,568.1093139648438,152.44659423828125,55.29049301147461,115.58480834960938,45.9595832824707,80.18641662597656,45.664249420166016,148.26487731933594
2024-10-16,229.857177734375,64.64817810058594,55.20792007446289,43.50237274169922,5.079999923706055,41.32107162475586,92.26176452636719,409.64874267578125,108.67950439453125,,570.5785522460938,153.0681610107422,55.34624099731445,116.15571594238281,45.9595832824707,79.76412963867188,46.22896194458008,148.68197631835938
2024-10-17,230.22412109375,64.4820785522461,54.178466796875,43.43550109863281,5.110000133514404,41.33005142211914,92.28012084960938,410.23944091796875,111.47509002685547,,570.6275634765625,153.15554809570312,55.169700622558594,116.09766387939453,45.931400299072266,79.44004821777344,46.35553741455078,147.8186798095703
2024-10-18,233.0504913330078,64.52820587158203,54.70790481567383,43.86536407470703,5.96999979019165,41.33005142211914,92.31684875488281,411.65704345703125,110.57969665527344,,572.8223876953125,153.83538818359375,55.23475646972656,116.66857147216797,45.9595832824707,79.8525161743164,46.365272521972656,148.53648376464844
2024-10-21,234.51821899414062,64.14988708496094,54.02159881591797,43.5596809387207,6.150000095367432,41.27620315551758,92.31684875488281,412.2674255371094,108.52032470703125,,571.8817138671875,153.165283203125,54.97459411621094,116.0686264038086,45.884437561035156,79.36148834228516,45.99528884887695,146.7904815673828
2024-10-22,233.90335083007812,64.15911102294922,53.72746276855469,43.46415710449219,6.110000133514404,41.27620315551758,92.33519744873047,420.8616943359375,107.26679229736328,,571.5779418945312,152.9224853515625,54.928138732910156,115.78800964355469,45.90322494506836,80.5497817993164,45.90766143798828,146.57708740234375
2024-10-23,228.8456573486328,64.04837036132812,53.580413818359375,43.206233978271484,5.929999828338623,41.186485290527344,92.35356903076172,417.9969482421875,104.51100158691406,,566.3553466796875,151.397705078125,54.82594680786133,114.78167724609375,45.82807540893555,81.77738952636719,45.86871337890625,145.88836669921875
2024-10-24,228.65724182128906,64.1683349609375,53.69805908203125,43.139373779296875,5.989999771118164,41.22237014770508,92.3443832397461,418.1248779296875,106.3017578125,,567.5802001953125,151.8930206298828,54.89098358154297,115.08164978027344,45.84686279296875,81.55152130126953,45.90766143798828,144.9280548095703
2024-10-25,229.49029541015625,64.0760726928711,53.0607795715332,43.101158142089844,5.769999980926514,41.186485290527344,92.37193298339844,421.4916687011719,107.35633850097656,,567.3840942382812,151.65023803710938,54.816646575927734,114.88811492919922,45.82807540893555,81.03101348876953,45.401363372802734,144.1326446533203
2024-10-28,231.4637451171875,64.06684875488281,54.29612731933594,43.29220962524414,5.650000095367432,41.195457458496094,92.381103515625,419.9559631347656,105.84412384033203,,569.13818359375,152.32032775878906,54.714447021484375,115.48804473876953,45.77172088623047,81.26670837402344,45.9660758972168,144.34609985351562
2024-10-29,231.7315216064453,64.0576171875,56.21775817871094,43.15847396850586,5.769999980926514,41.20442199707031,92.39946746826172,425.2326354980469,107.62494659423828,,570.0592651367188,152.32032775878906,54.751609802246094,115.39128112792969,45.81868362426758,80.23552703857422,45.68372344970703,143.94834899902344
2024-10-30,228.191162109375,63.90997314453125,57.31583786010742,42.73816680908203,5.690000057220459,41.16853332519531,92.4178466796875,425.8036193847656,103.54598236083984,,568.3346557617188,151.76678466796875,54.6587028503418,114.96553039550781,45.81868362426758,79.93108367919922,45.88818359375,143.6767578125
2024-10-31,224.03590393066406,63.89150619506836,56.1001091003418,42.46113586425781,5.539999961853027,41.15956115722656,92.44538116455078,400.03070068359375,99.1386947631836,,557.1935424804688,149.29995727539062,54.630828857421875,113.30118560791016,45.81868362426758,80.48104095458984,45.25531005859375,142.46426391601562
2024-11-01,221.06077575683594,63.777732849121094,57.24721145629883,42.499351501464844,5.400000095367432,41.12348937988281,92.47306060791016,403.9881896972656,99.21829223632812,,559.545166015625,149.90211486816406,54.45001983642578,113.75595092773438,45.762332916259766,80.71674346923828,45.41109848022461,143.30816650390625
2024-11-04,220.16824340820312,63.96272277832031,55.77656936645508,42.73816680908203,5.289999961853027,41.150550842285156,92.53759765625,402.1078796386719,101.20804595947266,,558.3399658203125,149.69815063476562,54.62710189819336,113.69791412353516,45.762332916259766,80.97208404541016,45.060585021972656,142.36724853515625
2024-11-05,221.59629821777344,64.06450653076172,57.149169921875,43.32086944580078,5.329999923706055,41.1685791015625,92.50993347167969,405.061279296875,104.94873046875,,565.0912475585938,151.4656982421875,54.6177864074707,115.07195281982422,45.762332916259766,82.18003845214844,45.479251861572266,143.41488647460938
2024-11-06,220.87234497070312,63.69447708129883,61.10029220581055,42.78592300415039,5.179999828338623,41.14152526855469,92.53759765625,413.6456604003906,111.25621032714844,,579.142578125,153.79653930664062,54.291568756103516,116.58148956298828,45.856258392333984,81.94435119628906,48.24442672729492,143.59915161132812
2024-11-07,225.59286499023438,64.01826477050781,59.24728012084961,43.731624603271484,5.320000171661377,41.258766174316406,92.53759765625,418.8139953613281,112.8281021118164,,583.6205444335938,155.3018798828125,54.599151611328125,117.81039428710938,45.9220085144043,82.34700012207031,47.46549987792969,144.63706970214844
2024-11-08,225.3248291015625,64.14775848388672,59.85514450073242,42.652191162109375,5.690000057220459,41.2407341003418,92.59292602539062,415.9689636230469,111.32585906982422,,586.1487426757812,155.2727508544922,54.608455657958984,117.48138427734375,45.9220085144043,83.30943298339844,47.8939094543457,145.6749725341797
2024-11-11,222.6144561767578,64.12001037597656,62.3160285949707,42.3274040222168,5.21999979019165,41.222694396972656,92.61136627197266,411.5093994140625,108.092529296875,,586.7072143554688,155.632080078125,54.487300872802734,117.61685943603516,45.856258392333984,82.70054626464844,48.57546615600586,144.8213653564453
2024-11-12,222.6144561767578,63.85171890258789,62.79643630981445,41.524986267089844,5.03000020980835,41.159568786621094,92.61136627197266,416.45135498046875,103.56587219238281,,584.8846435546875,154.5928955078125,54.27291488647461,116.6782455444336,45.79050064086914,83.466552734375,48.429420471191406,142.80377197265625
2024-11-13,223.498046875,63.823970794677734,63.19841003417969,41.257511138916016,4.980000019073486,41.19562911987305,92.64826202392578,418.587646484375,99.40731811523438,,585.1687622070312,154.3889617919922,54.310211181640625,116.43633270263672,45.81868362426758,83.96742248535156,48.4586296081543,142.4254608154297
2024-11-14,226.5757293701172,63.870243072509766,63.58077621459961,41.028255462646484,4.980000019073486,41.18661117553711,92.65748596191406,420.2513122558594,98.6711196899414,,581.4060668945312,153.7479705810547,54.25428771972656,115.8364028930664,45.78111267089844,82.95587921142578,48.33205795288086,140.1847686767578
2024-11-15,223.3789520263672,63.90724182128906,62.8160400390625,41.028255462646484,4.940000057220459,41.1685791015625,92.66671752929688,408.54620361328125,95.8456802368164,,573.9591064453125,152.14553833007812,54.3288459777832,114.68490600585938,45.83747100830078,82.73982238769531,48.555992126464844,137.5851593017578
2024-11-18,226.37718200683594,63.91648483276367,62.002288818359375,41.49633026123047,5.300000190734863,41.20466232299805,92.70359802246094,409.29437255859375,97.00967407226562,,576.310791015625,152.8544921875,54.40341567993164,115.36225128173828,45.884437561035156,82.5728759765625,48.70204544067383,137.68215942382812
2024-11-19,226.6352996826172,63.97200393676758,63.48273468017578,41.46767044067383,5.539999961853027,41.2407341003418,92.73125457763672,411.29278564453125,97.22856140136719,,578.41748046875,153.30123901367188,54.468650817871094,115.66222381591797,45.9220085144043,85.0477066040039,48.3807373046875,136.9740447998047
2024-11-20,227.35012817382812,63.90724182128906,62.39445877075195,41.4199104309082,5.570000171661377,41.2407341003418,92.74046325683594,409.028564453125,97.86528015136719,,578.6134643554688,153.2138214111328,54.4127311706543,115.63318634033203,45.931400299072266,85.61730194091797,48.23469161987305,138.5939483642578
2024-11-21,226.8735809326172,63.92573547363281,62.1003303527832,41.33393478393555,5.699999809265137,41.258766174316406,92.74969482421875,407.2629089355469,102.23274993896484,,581.7196655273438,154.00048828125,54.37544631958008,116.18474578857422,45.893829345703125,86.80561065673828,48.84809112548828,139.70944213867188
2024-11-22,228.21383666992188,64.01826477050781,62.1003303527832,41.34348678588867,5.699999809265137,41.249755859375,92.7865982055664,411.3368225097656,102.11336517333984,,583.5226440429688,154.6706085205078,54.38477325439453,116.68791198730469,45.90322494506836,88.81886291503906,49.39333724975586,139.83555603027344
2024-11-25,231.19223022460938,64.45307159423828,63.227821350097656,41.37214660644531,5.329999923706055,41.33993148803711,92.8234634399414,413.10247802734375,103.94393157958984,,585.5020141601562,155.15618896484375,54.75758743286133,117.18141174316406,45.9407958984375,87.89572143554688,49.714637756347656,141.02865600585938
2024-11-26,233.36647033691406,64.35128021240234,62.884674072265625,41.200199127197266,5.369999885559082,41.34894561767578,92.80502319335938,422.1775207519531,101.27767944335938,,588.55908203125,155.43785095214844,54.70166778564453,117.25882720947266,45.9407958984375,89.67327117919922,49.812007904052734,141.78524780273438
2024-11-27,233.2373809814453,64.49931335449219,62.37485122680664,41.257511138916016,5.389999866485596,41.403053283691406,92.84190368652344,417.2454833984375,97.69615173339844,,586.7757568359375,155.2436065673828,54.85078048706055,117.11368560791016,45.99715042114258,90.23304748535156,49.90937042236328,142.54185485839844
2024-11-29,235.62008666992188,64.75833892822266,62.5709342956543,41.324378967285156,5.5,41.43913650512695,92.88802337646484,417.7090759277344,97.44742584228516,,590.4208984375,156.49642944335938,55.0185661315918,117.99424743652344,46.025325775146484,90.84193420410156,49.98726272583008,142.98805236816406
2024-12-02,237.8638153076172,64.86595153808594,62.16896057128906,41.486778259277344,5.429999828338623,41.45182800292969,92.9157943725586,425.12701416015625,98.04434204101562,,591.4791870117188,156.89462280273438,55.001739501953125,118.24581909179688,46.025325775146484,90.97943878173828,49.490699768066406,142.73587036132812
2024-12-03,240.90176391601562,64.773193359375,61.34539794921875,41.57274627685547,5.71999979019165,41.469940185546875,92.93431854248047,425.3439636230469,99.32772827148438,,591.75341796875,157.05972290039062,54.926937103271484,118.4393539428711,46.05350875854492,91.8338394165039,49.12071228027344,142.415771484375
2024-12-04,241.25917053222656,64.94011688232422,63.002323150634766,41.67782974243164,5.670000076293945,41.52431869506836,92.95284271240234,431.4794921875,102.67048645019531,,595.4280395507812,157.97264099121094,55.07652282714844,118.92317199707031,46.1004753112793,92.75698852539062,48.93571472167969,142.33816528320312
2024-12-05,241.28895568847656,64.91231536865234,64.4827651977539,41.95484924316406,5.590000152587891,41.56962585449219,92.96209716796875,436.60882568359375,100.35244750976562,,594.4481201171875,157.98233032226562,55.06718063354492,118.9425277709961,46.09107971191406,93.59175109863281,49.081764221191406,140.74737548828125
2024-12-06,241.09039306640625,65.03288269042969,63.26703643798828,41.88798141479492,5.349999904632568,41.58775329589844,92.99913787841797,437.5459289550781,100.65089416503906,,595.5750122070312,158.2542724609375,55.19807052612305,119.08767700195312,46.1004753112793,93.98458099365234,49.07202911376953,139.95196533203125
2024-12-09,244.9722137451172,64.90303802490234,61.04146957397461,42.747711181640625,5.539999961853027,41.60587692260742,93.01764678955078,439.962646484375,102.29243469238281,,592.508056640625,157.35107421875,55.085872650146484,118.84576416015625,46.09107971191406,92.14810180664062,48.40020751953125,140.359375
2024-12-10,245.98487854003906,64.85667419433594,61.54148483276367,42.05992889404297,5.630000114440918,41.60587692260742,93.02690887451172,437.3092041015625,97.59666442871094,,590.6658935546875,156.68096923828125,55.001739501953125,118.09100341796875,46.1004753112793,92.8552017211914,48.390480041503906,139.77737426757812
2024-12-11,244.714111328125,64.782470703125,62.23759078979492,42.23187255859375,5.920000076293945,41.58775329589844,93.04545593261719,442.8923645019531,101.53633880615234,,595.232177734375,157.90464782714844,54.91759490966797,118.99092102050781,46.09107971191406,93.25784301757812,48.48783874511719,137.87615966796875
2024-12-12,246.1735076904297,64.52276611328125,60.42380142211914,42.0217170715332,5.559999942779541,41.57868957519531,93.05470275878906,443.45458984375,97.7359390258789,,592.1650390625,156.8848876953125,54.79604721069336,118.1877670288086,46.07229232788086,92.4034423828125,48.27363967895508,136.78004455566406
2024-12-13,246.34230041503906,64.38365936279297,60.31595230102539,42.05992889404297,5.340000152587891,41.52431869506836,93.06395721435547,441.1957092285156,101.97407531738281,,592.0475463867188,156.7003936767578,54.62775802612305,118.05229187011719,46.04412078857422,92.7656478881836,48.23469161987305,136.7606658935547
2024-12-16,249.2313232421875,64.38365936279297,59.85514450073242,41.83066940307617,5.309999942779541,41.533382415771484,93.10101318359375,445.45703125,107.70452880859375,,594.5755615234375,157.04029846191406,54.64646530151367,118.20711517333984,45.99715042114258,93.37588500976562,48.14706039428711,135.1310577392578
2024-12-17,251.65374755859375,64.3743896484375,59.619850158691406,41.730613708496094,5.309999942779541,41.54244613647461,93.10101318359375,448.2880554199219,108.04278564453125,,592.1257934570312,156.45651245117188,54.637107849121094,117.71361541748047,45.978363037109375,93.91722869873047,47.8062858581543,135.0340576171875
2024-12-18,246.2628631591797,63.9941291809082,57.72761917114258,40.75923156738281,5.079999923706055,41.41557312011719,93.10101318359375,431.4499206542969,103.36690521240234,,574.478515625,151.9388427734375,54.300540924072266,114.23978424072266,45.86565399169922,92.0766830444336,46.3750114440918,133.20074462890625
2024-12-19,247.9903106689453,63.91067123413086,59.198265075683594,40.895225524902344,5.090000152587891,41.40651321411133,93.09174346923828,431.09478759765625,86.64315032958984,,574.3020629882812,151.72372436523438,54.22574996948242,114.2204360961914,45.82807540893555,91.92902374267578,46.540531158447266,132.19192504882812
2024-12-20,252.65646362304688,64.05904388427734,59.73749923706055,41.06036376953125,5.199999809265137,41.46088409423828,93.13804626464844,430.6706237792969,89.65760803222656,,581.199951171875,152.89710998535156,54.36598587036133,115.14363861083984,45.87504196166992,90.78730010986328,47.23182678222656,133.8603515625
2024-12-23,253.4308624267578,63.87356185913086,60.31595230102539,41.293495178222656,5.179999828338623,41.68743896484375,93.14730834960938,429.3389892578125,89.25965118408203,,584.6803588867188,153.91409301757812,54.197696685791016,115.7773208618164,45.86565399169922,88.92707824707031,47.34525680541992,135.1972198486328
2024-12-24,256.33978271484375,63.96644592285156,61.335594177246094,41.41977310180664,5.150000095367432,41.46088409423828,93.16580963134766,433.363525390625,88.8218994140625,,591.1791381835938,155.25375366210938,54.225826263427734,116.69371795654297,45.8931884765625,91.22037506103516,47.9025993347168,135.75262451171875
2024-12-26,257.1538391113281,63.99459457397461,61.178733825683594,41.274070739746094,5.199999809265137,41.5152587890625,93.18435668945312,432.16009521484375,89.35914611816406,,591.2184448242188,155.53732299804688,54.26335525512695,116.8302001953125,45.91217803955078,91.32862854003906,48.019935607910156,136.02545166015625
2024-12-27,253.74853515625,63.806949615478516,60.06103515625,41.08950424194336,5.159999847412109,41.479007720947266,93.21211242675781,424.6830749511719,88.17523956298828,,584.9949951171875,154.10968017578125,54.19770050048828,115.91381072998047,45.90268325805664,90.21644592285156,47.66792297363281,135.39208984375
2024-12-30,250.38294982910156,64.02272033691406,59.531612396240234,40.75923156738281,5.059999942779541,41.52431869506836,93.23990631103516,419.0604553222656,84.98255157470703,,578.3192749023438,152.66244506835938,54.42282485961914,114.79269409179688,45.959659576416016,89.14360046386719,47.20835494995117,133.7258758544922
2024-12-31,248.61578369140625,63.975826263427734,59.315914154052734,40.62323760986328,5.159999847412109,41.547996520996094,93.28638458251953,415.77569580078125,83.83695983886719,,576.2152709960938,152.05616760253906,54.40406036376953,114.52946472167969,45.9786491394043,88.92707824707031,47.25725173950195,134.0474395751953
2025-01-02,242.0931396484375,64.03211212158203,57.913902282714844,40.56495666503906,5.579999923706055,41.56621551513672,93.2677993774414,412.8953552246094,86.99479675292969,,574.799560546875,151.7628173828125,54.413429260253906,114.29550170898438,46.00714111328125,88.58257293701172,47.13990783691406,134.08641052246094
2025-01-03,241.60665893554688,63.90077209472656,57.845272064208984,40.94379806518555,5.510000228881836,41.575321197509766,93.31428527832031,417.6005859375,89.5250473022461,,581.9865112304688,153.50340270996094,54.35716247558594,115.47510528564453,45.9881477355957,89.35030364990234,47.511478424072266,135.40185546875
2025-01-06,243.23486328125,63.8350944519043,58.86491775512695,41.08950424194336,5.389999866485596,41.58441925048828,93.33287811279297,422.03948974609375,98.8790054321289,,585.3390502929688,154.26611328125,54.33839416503906,116.18677520751953,46.00714111328125,89.99005889892578,47.364810943603516,135.46031188964844
2025-01-07,240.46495056152344,63.66622543334961,59.982608795166016,40.79808807373047,5.480000019073486,41.575321197509766,93.32357788085938,416.6339111328125,101.51883697509766,,578.7223510742188,152.94602966308594,54.178932189941406,115.04615783691406,46.00714111328125,89.37981414794922,47.25725173950195,136.13262939453125
2025-01-08,240.95140075683594,63.65684509277344,60.21791076660156,40.60380935668945,5.650000095367432,41.529781341552734,93.36077117919922,418.7941589355469,99.02843475341797,,579.56787109375,152.965576171875,54.253971099853516,115.08515930175781,46.05461883544922,90.35423278808594,47.4136962890625,136.83416748046875
2025-01-10,235.1435546875,63.34722137451172,65.63967895507812,39.91413116455078,5.670000076293945,41.40227127075195,93.37005615234375,413.26031494140625,98.95869445800781,,570.7193603515625,150.83384704589844,53.94443130493164,113.24263000488281,46.00714111328125,91.53533172607422,46.26966857910156,136.0644073486328
2025-01-13,232.7112274169922,63.30971145629883,63.82587814331055,39.64214324951172,5.46999979019165,41.429603576660156,93.3886489868164,411.52423095703125,94.69512176513672,,571.604248046875,150.81430053710938,53.87876892089844,113.28162384033203,46.035621643066406,90.08848571777344,46.60211944580078,137.8378448486328
2025-01-14,231.5992889404297,63.2440299987793,64.99259185791016,40.08898162841797,5.559999942779541,41.4569206237793,93.40724182128906,410.02490234375,96.98628997802734,,572.3908081054688,151.00987243652344,53.90690994262695,113.67156219482422,46.073604583740234,89.36013793945312,47.17902374267578,136.41522216796875
2025-01-15,236.1562042236328,63.70374298095703,64.21805572509766,40.613529205322266,5.340000152587891,41.58441925048828,93.43514251708984,420.5203857421875,102.79393005371094,,582.802490234375,153.63050842285156,54.300880432128906,115.4068603515625,46.197059631347656,89.90147399902344,48.3817253112793,136.97061157226562
2025-01-16,226.6154327392578,63.82572937011719,64.8847427368164,40.56495666503906,5.449999809265137,41.66639709472656,93.4630126953125,418.8138732910156,102.20618438720703,,581.6817626953125,153.65985107421875,54.43218994140625,115.51409912109375,46.24453353881836,89.86210632324219,48.70439910888672,137.5162811279297
2025-01-17,228.32305908203125,63.88200378417969,64.53178405761719,40.88551330566406,5.579999923706055,41.721038818359375,93.50950622558594,423.2034606933594,105.3440933227539,,587.521728515625,154.89195251464844,54.413429260253906,116.479248046875,46.24453353881836,90.49203491210938,49.11507797241211,136.590576171875
2025-01-21,221.0359344482422,64.03211212158203,67.00245666503906,41.322635650634766,5.769999980926514,41.894073486328125,93.50950622558594,422.6806335449219,108.96015930175781,,592.8995971679688,156.7205352783203,54.5260009765625,117.892822265625,46.21604537963867,91.61407470703125,49.525753021240234,138.85121154785156
2025-01-22,222.21737670898438,63.94768524169922,66.45343780517578,41.35177993774414,5.690000057220459,41.74836349487305,93.5280990600586,440.1402893066406,108.81073760986328,,596.232666015625,157.32679748535156,54.42282485961914,118.19503784179688,46.197059631347656,91.76171875,49.291080474853516,138.5393524169922
2025-01-23,222.048583984375,63.88200378417969,66.1298828125,41.44891357421875,5.800000190734863,41.739253997802734,93.54671478271484,440.643310546875,104.43758392333984,,599.4868774414062,158.28509521484375,54.3477783203125,118.82870483398438,46.23503494262695,92.33256530761719,49.57464599609375,140.3907470703125
2025-01-24,221.17491149902344,63.938289642333984,65.86518096923828,41.72090530395508,6.039999961853027,41.75747299194336,93.59320068359375,438.029296875,102.79393005371094,,597.73681640625,158.15798950195312,54.46034240722656,118.83847045898438,46.2540283203125,93.26761627197266,49.721309661865234,140.6148223876953
2025-01-27,228.20391845703125,64.1634750366211,66.4436264038086,40.96322250366211,5.71999979019165,41.82121658325195,93.59320068359375,428.6583251953125,90.76028442382812,,589.2815551757812,156.4369354248047,54.69483947753906,117.48336791992188,46.31100082397461,95.86604309082031,50.26888656616211,143.77186584472656
2025-01-28,236.54339599609375,64.1634750366211,66.32598114013672,41.26435089111328,6.0,41.86675262451172,93.59320068359375,441.1266784667969,87.91127014160156,,594.3449096679688,157.3659210205078,54.70421600341797,118.2437744140625,46.358482360839844,95.75776672363281,50.180885314941406,142.7682647705078
2025-01-29,237.63546752929688,64.12594604492188,67.09070587158203,41.274070739746094,6.0,41.85764694213867,93.61178588867188,436.3227844238281,88.66835021972656,,591.6804809570312,156.857421875,54.6479377746582,117.88307189941406,46.32049560546875,95.9644546508789,50.14177322387695,141.93026733398438
2025-01-30,235.8782196044922,64.24791717529297,67.22798156738281,41.97346115112305,6.289999961853027,41.884971618652344,93.63037109375,409.35406494140625,92.14494323730469,,594.8561401367188,157.97218322753906,54.732357025146484,118.87745666503906,46.358482360839844,97.09635162353516,50.62089538574219,143.5672607421875
2025-01-31,234.29966735839844,64.21974182128906,65.95339965820312,41.49748611450195,6.239999771118164,41.9031867980957,93.6768569946289,409.4231872558594,90.88978576660156,,591.6903076171875,157.10189819335938,54.71359634399414,118.02930450439453,46.41545486450195,96.61407470703125,50.327552795410156,143.10928344726562
2025-02-03,226.3672332763672,64.35711669921875,65.17887115478516,41.196353912353516,6.440000057220459,41.8665771484375,93.66752624511719,405.3393859863281,89.57484436035156,,587.70849609375,155.84046936035156,54.70513153076172,117.1031723022461,46.45343780517578,97.97232818603516,50.12221145629883,143.66470336914062
2025-02-04,231.1227264404297,64.46998596191406,67.70838165283203,41.934608459472656,6.369999885559082,41.92148971557617,93.68620300292969,406.76971435546875,90.31201171875,,591.6510009765625,157.08233642578125,54.78042221069336,118.19503784179688,46.48192596435547,99.18296813964844,50.00487518310547,143.27493286132812
2025-02-05,230.79510498046875,64.70516967773438,67.70838165283203,41.827754974365234,6.480000019073486,41.99469757080078,93.72354888916016,407.67718505859375,93.24072265625,,594.0499267578125,157.97218322753906,54.97804641723633,118.81896209716797,46.5294075012207,100.84634399414062,50.53289031982422,144.6488494873047
2025-02-06,231.5397186279297,64.65815734863281,66.59069061279297,42.00260925292969,6.460000038146973,41.967247009277344,93.73287963867188,410.1728515625,94.17711639404297,,596.1145629882812,158.4709014892578,54.93098068237305,119.20891571044922,46.500919342041016,101.23020935058594,50.953346252441406,143.35289001464844
2025-02-07,225.989990234375,64.51702880859375,66.80638885498047,41.963748931884766,6.409999847412109,41.92148971557617,93.77955627441406,404.1852722167969,91.94572448730469,,590.6580810546875,157.04324340820312,54.78983688354492,118.2437744140625,46.44394302368164,99.55697631835938,50.6697883605957,142.6805419921875
2025-02-10,226.25833129882812,64.5640869140625,64.8945541381836,42.468868255615234,6.449999809265137,41.939788818359375,93.77955627441406,406.6217346191406,95.5617904663086,,594.6692504882812,158.09930419921875,54.78983688354492,119.02368927001953,46.49142074584961,101.29910278320312,50.26888656616211,142.55389404296875
2025-02-11,231.1979522705078,64.39473724365234,63.48273468017578,42.303733825683594,6.380000114440918,41.92148971557617,93.79823303222656,405.8523254394531,93.7188949584961,,595.1216430664062,158.38287353515625,54.72395324707031,119.0919418334961,46.51041793823242,100.85619354248047,50.39600372314453,142.2908172607422
2025-02-12,235.42196655273438,64.15015411376953,65.03182220458984,42.536865234375,6.610000133514404,41.8665771484375,93.7702407836914,403.48492431640625,91.32808685302734,,593.2044067382812,158.24598693847656,54.45103073120117,118.97494506835938,46.424949645996094,101.97824096679688,50.21999740600586,142.086181640625
2025-02-13,240.053466796875,64.4793930053711,62.80623245239258,42.8088493347168,6.539999961853027,41.91232681274414,93.78888702392578,404.96453857421875,95.2928237915039,,599.4672241210938,159.92788696289062,54.686302185058594,120.26178741455078,46.51041793823242,103.39556121826172,50.55244445800781,142.64157104492188
2025-02-14,243.104736328125,64.53584289550781,64.11019897460938,43.139122009277344,6.329999923706055,42.00385284423828,93.87293243408203,402.8831787109375,99.13799285888672,,599.4376220703125,159.9376678466797,54.8557014465332,120.3885269165039,46.557891845703125,102.4014663696289,50.650230407714844,141.09231567382812
2025-02-18,242.97552490234375,64.30066680908203,63.08075714111328,43.411109924316406,6.369999885559082,41.99469757080078,93.87293243408203,404.0767822265625,106.3801040649414,,601.1975708007812,160.4559326171875,54.69571304321289,120.8564682006836,46.5294075012207,102.14556884765625,51.01201629638672,140.81947326660156
2025-02-19,243.373046875,64.31949615478516,63.76706314086914,43.34311294555664,6.21999979019165,42.00385284423828,93.87293243408203,409.1371154785156,103.95942687988281,,602.61328125,160.39724731445312,54.78042221069336,120.71024322509766,46.59587478637695,102.3620834350586,51.03157043457031,142.6513214111328
2025-02-20,244.3271942138672,64.35711669921875,62.5023078918457,43.74138259887695,6.309999942779541,42.02214813232422,93.90093231201172,411.30169677734375,102.7839584350586,,600.1063232421875,160.08436584472656,54.8557014465332,120.54450988769531,46.62436294555664,95.67903900146484,50.249324798583984,143.45033264160156
2025-02-21,244.04891967773438,64.65815734863281,58.82570266723633,43.6151008605957,5.71999979019165,42.04960250854492,93.94760131835938,403.4736022949219,98.46060943603516,,589.842041015625,157.7081756591797,55.08156204223633,118.84821319580078,46.65285110473633,93.28730010986328,49.623538970947266,142.6805419921875
2025-02-24,245.58944702148438,64.63931274414062,60.286537170410156,42.94484329223633,5.78000020980835,42.11366653442383,93.9756088256836,399.3124084472656,95.04377746582031,,587.157958984375,157.0725555419922,55.166255950927734,118.26327514648438,46.70033264160156,92.19477081298828,49.83864974975586,143.84007263183594
2025-02-25,245.52978515625,64.92156982421875,60.580665588378906,42.9739875793457,5.570000171661377,42.150264739990234,94.00362396240234,393.2831726074219,92.86219024658203,,584.2379150390625,156.857421875,55.45798873901367,118.12680053710938,46.75730895996094,96.15147399902344,49.82887268066406,145.0775604248047
2025-02-26,238.89064025878906,65.07209014892578,60.49242401123047,43.401397705078125,5.829999923706055,42.19602584838867,93.98493194580078,395.09197998046875,97.33495330810547,,584.5328979492188,156.95521545410156,55.56151580810547,118.30227661132812,46.785797119140625,94.68492889404297,49.721309661865234,144.03497314453125
2025-02-27,235.84934997558594,65.0062255859375,58.72335433959961,42.55629348754883,5.440000057220459,42.20516586303711,93.99430084228516,387.9755554199219,91.46755981445312,,575.2026977539062,154.55947875976562,55.552093505859375,116.51824188232422,46.82377624511719,95.26565551757812,49.99509811401367,143.45033264160156
2025-02-28,240.36158752441406,65.2602310180664,59.08699417114258,41.97346115112305,5.519999980926514,42.26008224487305,94.04096221923828,392.3837585449219,93.2706069946289,,584.178955078125,156.45651245117188,55.7591438293457,117.5418701171875,46.956722259521484,97.05697631835938,51.02179718017578,145.11656188964844
2025-03-03,236.57489013671875,65.29041290283203,57.44569396972656,41.604339599609375,5.539999961853027,42.285831451416016,94.069091796875,383.9823913574219,90.1924819946289,,573.9441528320312,154.7843780517578,55.89411163330078,116.29401397705078,47.01369094848633,96.05303955078125,50.59156036376953,145.74989318847656
2025-03-04,234.48773193359375,64.9320297241211,53.75029754638672,41.95403289794922,5.550000190734863,42.29961013793945,94.069091796875,384.1009826660156,90.8499526977539,,567.150390625,153.4838409423828,55.818599700927734,115.44585418701172,47.00419616699219,93.47431182861328,48.811954498291016,144.39549255371094
2025-03-05,234.2988739013672,64.62081909179688,55.794559478759766,43.20711898803711,5.670000076293945,42.276634216308594,94.069091796875,396.3669738769531,93.9778823852539,,573.24609375,155.71336364746094,55.60152053833008,117.35663604736328,46.89973831176758,94.4684066772461,49.09552001953125,145.84735107421875
2025-03-06,233.89138793945312,64.51708221435547,54.01565933227539,42.93513107299805,5.489999771118164,42.2398567199707,94.069091796875,392.2849426269531,88.9273452758789,,563.0703735351562,153.02426147460938,55.61095428466797,115.6115951538086,46.8902473449707,93.14950561523438,48.28394317626953,145.44784545898438
2025-03-07,237.60855102539062,64.46992492675781,52.364524841308594,43.148834228515625,5.5,42.249053955078125,94.12532806396484,388.7464904785156,92.60318756103516,,566.2262573242188,154.14878845214844,55.573204040527344,116.34275817871094,46.8902473449707,90.2754898071289,48.02971267700195,145.45758056640625
2025-03-10,226.08937072753906,64.64910125732422,49.4652099609375,42.119171142578125,5.110000133514404,42.26744079589844,94.12532806396484,375.7490539550781,86.74575805664062,,551.1444702148438,149.94400024414062,55.856361389160156,113.37911224365234,46.99470138549805,86.4369125366211,46.954132080078125,143.88880920410156
2025-03-11,219.48995971679688,64.39446258544922,45.877925872802734,42.468868255615234,5.550000190734863,42.2398567199707,94.13469696044922,376.0356750488281,88.70819854736328,,546.5628662109375,149.0541534423828,55.724220275878906,112.92090606689453,46.9757080078125,86.06289672851562,46.5532341003418,142.32000732421875
2025-03-12,215.653564453125,64.3850326538086,44.521636962890625,42.70199966430664,5.710000038146973,42.2398567199707,94.14408874511719,378.82293701171875,95.27289581298828,,549.4632568359375,149.80711364746094,55.61095428466797,113.53509521484375,46.966209411621094,83.85816955566406,46.621673583984375,140.8974151611328
2025-03-13,208.39817810058594,64.53593444824219,43.165348052978516,42.52714920043945,5.769999980926514,42.23065185546875,94.14408874511719,374.3751525878906,94.51582336425781,,542.1386108398438,147.89051818847656,55.77141189575195,112.18975067138672,46.966209411621094,83.16919708251953,46.36744689941406,140.1471405029297
2025-03-14,212.18490600585938,64.43218231201172,45.94672393798828,43.304256439208984,5.889999866485596,42.23065185546875,94.18157196044922,384.05157470703125,100.40312957763672,,553.3369140625,151.0392303466797,55.61095428466797,114.51972961425781,46.90924072265625,84.00580596923828,47.44302749633789,141.2189483642578
2025-03-17,212.69178771972656,64.5642318725586,46.08431625366211,44.04250717163086,6.070000171661377,42.203086853027344,94.18157196044922,384.18994140625,102.71422576904297,,557.6039428710938,152.41796875,55.61095428466797,115.66033935546875,46.8902473449707,86.08257293701172,48.00038528442383,143.01187133789062
2025-03-18,211.38980102539062,64.60193634033203,45.130985260009766,43.819091796875,5.980000019073486,42.203086853027344,94.2096939086914,379.070068359375,101.32955932617188,,551.5770874023438,151.10765075683594,55.6675910949707,114.8316879272461,46.928226470947266,84.24202728271484,47.94171142578125,143.0800323486328
2025-03-19,213.92422485351562,64.78113555908203,46.92954635620117,43.92594528198242,6.119999885559082,42.26744079589844,94.2096939086914,383.3201904296875,101.66825103759766,,557.584228515625,152.4766387939453,55.809173583984375,115.7773208618164,47.032676696777344,84.97039031982422,48.469730377197266,143.1580047607422
2025-03-20,212.79116821289062,64.7717056274414,46.143287658691406,43.51795959472656,6.199999809265137,42.3042106628418,94.21904754638672,382.3515319824219,102.60466003417969,,555.971923828125,151.8899383544922,55.86580276489258,115.2801284790039,47.07065963745117,84.45856475830078,48.53817367553711,143.24569702148438
2025-03-21,216.93569946289062,64.73399353027344,45.96637725830078,43.304256439208984,6.039999961853027,42.31341552734375,94.25655364990234,386.7202453613281,94.35643005371094,,556.1552734375,151.79214477539062,55.86580276489258,115.02093505859375,47.118141174316406,84.85828399658203,48.36216735839844,142.84620666503906
2025-03-24,219.38064575195312,64.55479431152344,48.04012680053711,43.49853515625,5.940000057220459,42.29501724243164,94.25655364990234,388.5191345214844,96.56790924072266,,566.1151733398438,153.93365478515625,55.62983703613281,116.47825622558594,47.06117630004883,86.34857940673828,49.2149658203125,143.93685913085938
2025-03-25,222.38217163085938,64.59252166748047,47.83373260498047,43.372257232666016,6.039999961853027,42.3042106628418,94.27529907226562,390.57501220703125,93.8185043334961,,567.47607421875,154.28567504882812,55.724220275878906,116.7032241821289,47.118141174316406,83.65420532226562,49.48974609375,142.097900390625
2025-03-26,220.1757354736328,64.52650451660156,47.244041442871094,43.109981536865234,6.110000133514404,42.276634216308594,94.2940444946289,385.4452209472656,91.77638244628906,,560.7013549804688,152.52554321289062,55.65814971923828,115.43172454833984,47.118141174316406,84.09832763671875,49.3425407409668,141.57948303222656
2025-03-27,222.48159790039062,64.52650451660156,45.357032775878906,43.32368469238281,6.429999828338623,42.285831451416016,94.31279754638672,386.0481262207031,90.81009674072266,,559.2122802734375,152.13441467285156,55.648712158203125,115.30458068847656,47.203609466552734,84.51285552978516,49.24440002441406,141.80447387695312
2025-03-28,216.56793212890625,64.82829284667969,43.08672332763672,42.51743698120117,6.289999961853027,42.32261276245117,94.31279754638672,374.4048156738281,88.10053253173828,,547.9506225585938,149.49420166015625,55.9696159362793,113.27997589111328,47.346046447753906,84.03911590576172,48.2924919128418,141.36427307128906
2025-03-31,220.7720947265625,64.89430236816406,42.85084915161133,42.44944381713867,6.25,42.359378814697266,94.31279754638672,371.0343933105469,86.66918182373047,,551.62890625,149.7875518798828,56.064002990722656,113.40711975097656,47.38402557373047,86.64466857910156,48.88130569458008,142.82176208496094
2025-04-01,221.8256072998047,65.07398223876953,41.691123962402344,42.5854377746582,6.320000171661377,42.39910888671875,94.34102630615234,377.7555236816406,88.48455810546875,,553.18701171875,150.19827270507812,56.183319091796875,113.77879333496094,47.39164352416992,87.67110443115234,48.822425842285156,140.21005249023438
2025-04-02,222.5213165283203,65.0361557006836,42.62480163574219,42.64371871948242,6.46999979019165,42.40834045410156,94.35983276367188,377.7060852050781,88.37483215332031,,556.687744140625,151.2054443359375,56.12649917602539,114.45366668701172,47.34407043457031,88.58895874023438,49.22478103637695,141.1491241455078
2025-04-03,201.94786071777344,65.34825134277344,38.044864654541016,41.740333557128906,6.53000020980835,42.389869689941406,94.35983276367188,368.78082275390625,74.15107727050781,,529.2538452148438,144.99607849121094,56.63785934448242,109.93498992919922,47.62950134277344,86.12159729003906,46.80082702636719,140.00462341308594
2025-04-04,187.22840881347656,65.46173095703125,36.609954833984375,39.41872787475586,5.630000114440918,42.315975189208984,94.26573181152344,355.66485595703125,64.55552673339844,,498.2696533203125,136.16604614257812,56.72308349609375,103.38191986083984,47.48678207397461,82.10468292236328,43.37590408325195,132.32606506347656
2025-04-07,180.3507080078125,64.85648345947266,36.649269104003906,37.951934814453125,5.670000076293945,41.93724060058594,94.20927429199219,353.7077941894531,68.19625091552734,,497.3821716308594,134.95350646972656,56.315895080566406,102.13977813720703,47.315521240234375,82.736328125,43.2679557800293,131.5337371826172
2025-04-08,171.365966796875,64.72409057617188,35.26350021362305,37.41767501831055,5.809999942779541,41.9649543762207,94.2469253540039,350.4460754394531,65.37344360351562,,489.591796875,133.28140258789062,56.183319091796875,100.89762878417969,47.42018127441406,80.72294616699219,43.10111999511719,130.07626342773438
2025-04-09,197.63438415527344,64.64842987060547,43.50933837890625,40.011268615722656,6.510000228881836,42.06193923950195,94.35983276367188,385.9591369628906,77.67210388183594,,541.0084228515625,145.19163513183594,55.93710708618164,109.5241928100586,47.33455276489258,88.43106079101562,46.349403381347656,135.73007202148438
2025-04-10,189.25592041015625,64.5254898071289,38.68370056152344,39.32158660888672,6.880000114440918,41.715538024902344,94.2469253540039,376.92523193359375,69.87197875976562,,517.302001953125,140.90866088867188,55.8234748840332,106.47262573242188,47.191837310791016,89.42786407470703,45.054019927978516,131.944580078125
2025-04-11,196.9386749267578,64.45929718017578,40.17758560180664,40.55524444580078,7.21999979019165,41.67859649658203,94.2469253540039,383.94287109375,69.37325286865234,,526.5321044921875,143.6661834716797,55.54885482788086,108.67327880859375,47.16328811645508,91.58930969238281,45.79984664916992,133.88131713867188
2025-04-14,201.281982421875,64.76191711425781,39.60755157470703,40.92436981201172,7.289999961853027,41.88181686401367,94.30338287353516,383.3102722167969,70.83950805664062,,531.6402587890625,144.9862823486328,55.90869903564453,109.70024108886719,47.248924255371094,93.49413299560547,46.27090072631836,135.51486206054688
2025-04-15,200.90428161621094,64.81865692138672,40.12845230102539,40.88551330566406,7.440000057220459,41.955718994140625,94.30338287353516,381.2544250488281,70.8594741821289,,530.151123046875,145.1623077392578,56.00339126586914,109.80782318115234,47.239410400390625,92.7440414428711,46.38866424560547,134.6834259033203
2025-04-16,193.0823974609375,65.00780487060547,39.89257049560547,40.40953826904297,8.09000015258789,42.01113510131836,94.31278991699219,367.2982177734375,69.15381622314453,,518.3668823242188,142.80567932128906,56.211727142333984,108.17444610595703,47.286983489990234,90.00031280517578,45.66245651245117,133.31399536132812
2025-04-17,195.77581787109375,64.98888397216797,40.148101806640625,40.72037887573242,7.829999923706055,42.223594665527344,94.36925506591797,363.5126953125,68.62516021728516,,519.1064453125,143.42173767089844,56.145442962646484,108.74173736572266,47.43921661376953,92.00382232666016,45.78022384643555,132.5314483642578
2025-04-21,191.9791717529297,64.78081512451172,38.791812896728516,40.710662841796875,7.78000020980835,42.16816711425781,94.36925506591797,354.9531555175781,66.57038879394531,,506.7503356933594,140.7913055419922,56.01287078857422,107.0594482421875,47.37261199951172,91.20439910888672,44.79887008666992,129.6752471923828
2025-04-22,198.51895141601562,64.90377044677734,39.64686584472656,41.322635650634766,7.639999866485596,42.205116271972656,94.40690612792969,362.5638122558594,70.03157043457031,,519.934814453125,144.1160125732422,55.993934631347656,109.39704132080078,47.448726654052734,93.6125717163086,46.28071212768555,132.11085510253906
2025-04-23,203.34925842285156,64.91322326660156,40.68865203857422,41.798614501953125,7.21999979019165,42.195884704589844,94.38806915283203,370.0459899902344,72.74466705322266,,527.991455078125,145.91526794433594,55.984458923339844,110.79568481445312,47.4296989440918,93.72112274169922,46.83026885986328,132.76620483398438
2025-04-24,207.09619140625,65.22530364990234,41.29800033569336,42.2843017578125,7.190000057220459,42.32521057128906,94.46334838867188,382.80621337890625,77.2232437133789,,539.105224609375,148.73147583007812,56.2022590637207,112.72248840332031,47.562896728515625,94.58964538574219,47.35038757324219,134.38998413085938
2025-04-25,208.00064086914062,65.31988525390625,40.86555862426758,42.20659255981445,7.03000020980835,42.426822662353516,94.4916000366211,387.3033752441406,79.5772476196289,,543.0004272460938,149.66043090820312,56.344303131103516,113.26042175292969,47.5914421081543,93.84942626953125,47.12467956542969,135.0355682373047
2025-04-28,208.85537719726562,65.4144515991211,41.23902893066406,42.2843017578125,7.190000057220459,42.45452117919922,94.51041412353516,386.62139892578125,78.36034393310547,,543.2073974609375,150.0515594482422,56.524227142333984,113.58317565917969,47.696102142333984,93.97774505615234,47.271881103515625,135.5735626220703
2025-04-29,209.91885375976562,65.49956512451172,41.356964111328125,42.40087127685547,7.039999961853027,42.500709533691406,94.50100708007812,389.4679870605469,76.68462371826172,,546.6293334960938,150.76539611816406,56.656795501708984,114.10155487060547,47.70561599731445,94.78704071044922,47.76255416870117,136.2386932373047
2025-04-30,211.20095825195312,65.56576538085938,40.91469955444336,42.50772476196289,7.079999923706055,42.519187927246094,94.4916000366211,390.673828125,76.75444793701172,,546.84619140625,150.86318969726562,56.78937530517578,114.04287719726562,47.772216796875,95.98124694824219,47.85087585449219,137.40272521972656
2025-05-01,212.01596069335938,65.39128112792969,40.78693389892578,42.498008728027344,6.789999961853027,42.45235061645508,94.5199203491211,420.4640808105469,77.57235717773438,,550.7216796875,151.3521270751953,56.55854034423828,114.45366668701172,47.696102142333984,96.13916778564453,47.841064453125,133.65635681152344
2025-05-02,204.09466552734375,65.15422058105469,43.44053649902344,43.71223831176758,6.71999979019165,42.44306564331055,94.60496520996094,430.2295227050781,80.51486206054688,,558.8966674804688,153.7283172607422,56.28306198120117,116.44891357421875,47.53435516357422,97.46167755126953,48.832237243652344,135.50509643554688
2025-05-05,197.6741485595703,65.11629486083984,44.72802734375,44.04250717163086,6.960000038146973,42.41521072387695,94.5860595703125,431.109130859375,80.21562957763672,,555.6917724609375,153.16114807128906,56.22606658935547,116.19463348388672,47.52484130859375,98.03411865234375,48.51820373535156,135.12359619140625
2025-05-06,197.29644775390625,65.20164489746094,44.040061950683594,43.8676643371582,7.360000133514404,42.46162796020508,94.61442565917969,428.2823486328125,80.3053970336914,,551.047119140625,152.2615203857422,56.34956741333008,115.53931427001953,47.5914421081543,97.26428985595703,48.24342346191406,131.39678955078125
2025-05-07,195.05029296875,65.36283111572266,44.521636962890625,43.3625373840332,6.949999809265137,42.508052825927734,94.61442565917969,428.3218688964844,82.41004180908203,,553.3645629882812,152.57443237304688,56.42555236816406,115.61756134033203,47.61998748779297,97.5406494140625,48.528018951416016,132.404296875
2025-05-08,196.28273010253906,65.03094482421875,47.705970764160156,43.33340072631836,6.849999904632568,42.40592956542969,94.62387084960938,433.08599853515625,84.93360900878906,,557.2203369140625,153.1513671875,56.10258483886719,116.01856994628906,47.562896728515625,96.15890502929688,48.93037414550781,131.2109375
2025-05-09,197.3163604736328,65.0688705444336,47.509403228759766,43.624813079833984,7.010000228881836,42.424495697021484,94.6616439819336,433.6394958496094,85.64180755615234,,556.51025390625,153.30784606933594,56.131072998046875,116.18484497070312,47.5914421081543,95.68897247314453,48.93037414550781,129.78282165527344
2025-05-12,209.776123046875,64.8128433227539,50.26129150390625,44.56705856323242,6.289999961853027,42.47091293334961,94.7183609008789,444.0472717285156,92.05546569824219,,574.9014892578125,157.0725555419922,55.83659362792969,119.06037139892578,47.315521240234375,95.71863555908203,49.921539306640625,132.99119567871094
2025-05-13,211.9058380126953,64.75597381591797,52.23271179199219,44.6447639465332,6.329999923706055,42.480194091796875,94.7183609008789,443.9287109375,96.68367767333984,,578.6981811523438,158.04061889648438,55.82710266113281,119.64720916748047,47.35357666015625,94.85791015625,50.127628326416016,128.9905242919922
2025-05-14,211.30873107910156,64.58526611328125,49.857154846191406,44.9847526550293,6.119999885559082,42.43377685546875,94.75614929199219,447.6845397949219,95.07776641845703,,579.4376831054688,158.04061889648438,55.694114685058594,119.64720916748047,47.35357666015625,95.79778289794922,49.990230560302734,125.95819854736328
2025-05-15,210.43296813964844,64.9645767211914,49.56144332885742,44.9653205871582,6.260000228881836,42.49876403808594,94.79391479492188,448.694580078125,95.20742797851562,,582.2678833007812,158.91091918945312,55.94109344482422,120.32207489013672,47.4296989440918,95.32291412353516,50.32389831542969,127.6113052368164
2025-05-16,210.24388122558594,64.9645767211914,50.192291259765625,44.936180114746094,6.300000190734863,42.55447006225586,94.822265625,449.8234558105469,97.75094604492188,,585.9559936523438,159.88877868652344,55.960086822509766,120.9089126586914,47.45823669433594,97.19276428222656,50.628116607666016,130.18385314941406
2025-05-19,207.7758026123047,65.0119857788086,50.45844268798828,45.03331756591797,6.400000095367432,42.56373977661133,94.8411636352539,454.37841796875,98.39930725097656,,586.596923828125,160.29946899414062,55.97908020019531,121.241455078125,47.49629592895508,97.07404327392578,50.657554626464844,131.4359130859375
2025-05-20,205.86505126953125,64.86974334716797,49.26573181152344,44.9847526550293,6.610000133514404,42.57304000854492,94.85061645507812,453.6852722167969,97.85069274902344,,584.6246948242188,160.13323974609375,55.950599670410156,121.11431884765625,47.515323638916016,96.75746154785156,50.38277816772461,131.7587127685547
2025-05-21,201.1179962158203,64.52838134765625,47.58016586303711,44.86818313598633,6.659999847412109,42.508052825927734,94.8411636352539,448.14007568359375,95.596435546875,,574.7732543945312,158.03085327148438,55.741600036621094,119.59829711914062,47.448726654052734,95.40205383300781,49.352359771728516,128.7068328857422
2025-05-22,200.39149475097656,64.6611328125,47.80687713623047,44.722476959228516,6.570000171661377,42.54518508911133,94.86006164550781,450.4076843261719,94.5890121459961,,575.0001831054688,157.91351318359375,55.86509323120117,119.5102767944336,47.48678207397461,94.90738677978516,49.29347610473633,127.6993408203125
2025-05-23,194.33078002929688,64.84130096435547,47.23516845703125,44.90703582763672,6.730000019073486,42.582313537597656,94.89787292480469,445.77349853515625,93.13272094726562,,571.0753173828125,157.395263671875,55.97908020019531,119.2364273071289,47.52484130859375,95.3130111694336,49.11682891845703,127.4939193725586
2025-05-27,199.24703979492188,65.12576293945312,48.69401931762695,44.80018615722656,7.050000190734863,42.656578063964844,94.916748046875,456.1805725097656,96.13506317138672,,582.9483642578125,160.20169067382812,56.11206817626953,121.17298889160156,47.54386901855469,96.53980255126953,49.98042297363281,129.27418518066406
2025-05-28,199.45602416992188,65.04991149902344,47.90544891357422,44.596195220947266,6.840000152587891,42.63801956176758,94.95455932617188,452.8831787109375,95.9355697631836,,579.5757446289062,159.16517639160156,56.00758743286133,120.34163665771484,47.50580596923828,96.20342254638672,49.64675521850586,128.60902404785156
2025-05-29,198.98826599121094,65.2206039428711,47.80687713623047,44.76133728027344,6.78000020980835,42.656578063964844,94.96400451660156,454.19024658203125,96.55400085449219,,581.8635864257812,159.73233032226562,56.169071197509766,120.8306655883789,47.53435516357422,96.06491088867188,49.90190887451172,129.4698028564453
2025-05-30,199.8839569091797,65.2869644165039,47.698455810546875,44.21735763549805,6.860000133514404,42.7308464050293,94.99234008789062,455.8537902832031,94.2199478149414,,581.2127685546875,159.69322204589844,56.321067810058594,120.6644058227539,47.5914421081543,97.66765594482422,50.00986099243164,129.7436981201172
2025-06-02,200.7298583984375,65.2090072631836,47.80687713623047,44.53791046142578,7.46999979019165,42.74296569824219,95.0113296508789,457.4480895996094,97.93048858642578,,584.4866943359375,160.8079376220703,56.19144821166992,121.46641540527344,47.562896728515625,98.70645141601562,50.02948760986328,129.8219451904297
2025-06-03,202.2923126220703,65.18048858642578,48.13216781616211,44.6447639465332,7.519999980926514,42.733642578125,95.03976440429688,458.4382629394531,101.99015045166016,,587.8197631835938,161.26756286621094,56.143795013427734,121.7793960571289,47.53435516357422,98.91422271728516,50.127628326416016,130.12518310546875
2025-06-04,201.84446716308594,65.418212890625,48.28002166748047,45.19845199584961,7.429999828338623,42.798919677734375,95.05874633789062,459.3294677734375,102.98760986328125,,587.6619262695312,161.46311950683594,56.41064453125,122.06304168701172,47.58192825317383,98.29093170166016,49.84303283691406,130.37948608398438
2025-06-05,199.66500854492188,65.2375259399414,48.142024993896484,45.43158721923828,7.679999828338623,42.76627731323242,95.05874633789062,463.1021728515625,106.01988220214844,,584.8218994140625,160.79818725585938,56.27721405029297,121.73048400878906,47.515323638916016,96.9157485961914,49.70564270019531,130.2034454345703
2025-06-06,202.93917846679688,65.07589721679688,50.221866607666016,45.577293395996094,7.440000057220459,42.687015533447266,95.10616302490234,465.7757263183594,108.28411102294922,,590.8274536132812,162.1769561767578,55.95319366455078,122.67921447753906,47.4296989440918,96.43096923828125,50.32389831542969,131.44570922851562
2025-06-09,200.48104858398438,65.18997955322266,50.46829605102539,45.96584701538086,7.429999828338623,42.69635009765625,95.12515258789062,468.1225891113281,110.66803741455078,,591.35986328125,162.2551727294922,56.02942657470703,122.8846206665039,47.448726654052734,96.41118621826172,50.04911804199219,131.22073364257812
2025-06-10,201.6951904296875,65.32310485839844,50.941436767578125,46.228118896484375,7.239999771118164,42.733642578125,95.12515258789062,466.31048583984375,113.84992980957031,,594.7127685546875,162.86146545410156,56.086612701416016,123.47144317626953,47.43921661376953,96.28256225585938,50.108001708984375,132.71731567382812
2025-06-11,197.8238983154297,65.418212890625,48.46730422973633,46.422401428222656,7.309999942779541,42.79145050048828,95.11564636230469,467.99383544921875,115.7351303100586,,593.0166015625,162.48988342285156,56.26769256591797,123.23672485351562,47.46775436401367,94.7787857055664,50.04911804199219,132.78579711914062
2025-06-12,198.24188232421875,65.60835266113281,48.18144989013672,46.50010681152344,7.539999961853027,42.84553146362305,95.11564636230469,474.1826477050781,115.88475036621094,,595.3734741210938,163.27215576171875,56.42970657348633,123.76487731933594,47.49629592895508,93.81912231445312,50.04911804199219,133.8226318359375
2025-06-13,195.50509643554688,65.3896713256836,46.36774826049805,45.76185989379883,7.630000114440918,42.80823516845703,95.1630859375,470.3109130859375,115.30622100830078,,588.7171020507812,161.3457794189453,56.29627990722656,122.20974731445312,47.52484130859375,93.43327331542969,49.028507232666016,133.15750122070312
2025-06-16,197.4656524658203,65.29458618164062,48.7531623840332,46.32286834716797,7.480000019073486,42.82688903808594,95.18206787109375,474.45001220703125,119.53544616699219,,594.318359375,162.7460174560547,56.220035552978516,123.27584838867188,47.49629592895508,93.28487396240234,49.58788299560547,132.7466583251953
2025-06-17,194.69898986816406,65.44672393798828,46.64374542236328,45.714778900146484,7.539999961853027,42.80823516845703,95.2010269165039,473.36077880859375,120.03417205810547,,589.2398681640625,161.24822998046875,56.37253189086914,122.07281494140625,47.5914421081543,93.24529266357422,49.303287506103516,130.55557250976562
2025-06-18,195.6344757080078,65.53227996826172,46.880313873291016,45.7049674987793,7.269999980926514,42.854862213134766,95.22000122070312,475.5392150878906,121.51041412353516,,589.1510009765625,161.2876434326172,56.401123046875,122.14128112792969,47.61998748779297,94.07633972167969,49.283660888671875,130.33059692382812
2025-06-20,200.03321838378906,65.54180145263672,46.525455474853516,45.44015884399414,7.25,42.9294548034668,95.2579574584961,472.7270202636719,123.28589630126953,,587.7673950195312,160.63729858398438,56.467830657958984,121.60568237304688,47.68658447265625,95.0953598022461,49.421051025390625,129.70457458496094
2025-06-23,200.5308074951172,65.65589141845703,47.56045150756836,45.8128547668457,7.630000114440918,42.98540115356445,95.26742553710938,481.24285888671875,121.7697525024414,,593.572998046875,162.0858154296875,56.620323181152344,122.76532745361328,47.724647521972656,96.82669830322266,50.043392181396484,129.8913116455078
2025-06-24,199.3365936279297,65.7414779663086,48.85173034667969,46.99961471557617,7.25,43.069313049316406,95.26742553710938,485.3126220703125,127.58494567871094,,600.1304321289062,163.97775268554688,56.763275146484375,124.3082504272461,47.724647521972656,96.95532989501953,50.791778564453125,131.48348999023438
2025-06-25,200.5905303955078,65.73197174072266,47.61959457397461,47.038848876953125,7.320000171661377,43.08796310424805,95.27693176269531,487.45147705078125,126.9266128540039,,600.4666748046875,163.6919708251953,56.80139923095703,124.092041015625,47.743675231933594,96.22321319580078,50.62437438964844,131.6014404296875
2025-06-26,200.03321838378906,65.87458038330078,48.270164489746094,47.35270309448242,7.380000114440918,43.13458251953125,95.31487274169922,492.580810546875,125.67979431152344,,605.1646118164062,165.2489013671875,56.9443473815918,125.2516860961914,47.81978988647461,94.99641418457031,50.998573303222656,131.91595458984375
2025-06-27,200.1128387451172,65.760498046875,48.88130187988281,47.166351318359375,7.079999923706055,43.14391326904297,95.36228942871094,491.0855712890625,124.44293975830078,,608.1712646484375,166.12586975097656,56.84905242919922,125.79219818115234,47.7912483215332,96.23310852050781,51.146278381347656,131.6309356689453
2025-06-30,204.1831512451172,65.9221420288086,48.47716522216797,47.313472747802734,7.349999904632568,43.19053649902344,95.37178039550781,492.5411682128906,122.93677520751953,,611.0791015625,166.9043426513672,57.00153732299805,126.3032455444336,47.829307556152344,96.73766326904297,51.5697021484375,132.4761505126953
2025-07-01,206.82041931152344,65.9545669555664,48.29973602294922,47.4017448425293,7.28000020980835,43.18304443359375,95.37178802490234,487.233642578125,120.58277893066406,,610.8812866210938,166.6776885986328,56.87533950805664,126.31306457519531,47.8062744140625,97.19276428222656,51.85527420043945,134.36322021484375
2025-07-02,211.41819763183594,65.802001953125,49.41358947753906,47.60771179199219,7.429999828338623,43.192420959472656,95.40032958984375,486.2830505371094,121.43061828613281,,613.6505737304688,167.38717651367188,56.798858642578125,126.88306427001953,47.82546615600586,96.5694808959961,51.81588363647461,133.036376953125
2025-07-03,212.52285766601562,65.76387786865234,50.133155822753906,47.823482513427734,7.480000019073486,43.15026092529297,95.42890167236328,493.9571838378906,121.9792251586914,,618.4869995117188,168.37254333496094,56.64589309692383,127.55131530761719,47.76789093017578,97.31148529052734,52.377174377441406,133.17398071289062
2025-07-07,208.94017028808594,65.6303939819336,49.28544235229492,47.14673614501953,7.5,43.13620376586914,95.44795989990234,492.84814453125,119.72782897949219,,613.8780517578125,166.99302673339844,56.56939697265625,126.39167785644531,47.844661712646484,98.29093170166016,51.874969482421875,132.0535430908203
2025-07-08,208.99989318847656,65.52554321289062,49.798011779785156,47.440975189208984,6.889999866485596,43.12683868408203,95.46699523925781,491.7588806152344,124.22061920166016,,613.5418090820312,167.0817108154297,56.51203918457031,126.65703582763672,47.82546615600586,96.0550308227539,51.41215133666992,132.653076171875
2025-07-09,210.12445068359375,65.72575378417969,49.97543716430664,47.36251449584961,6.940000057220459,43.192420959472656,95.47650909423828,498.58148193359375,122.04412078857422,,617.2210083007812,168.2050323486328,56.71281433105469,127.41374206542969,47.86384582519531,95.77800750732422,51.599246978759766,133.1641387939453
2025-07-10,211.3883514404297,65.68761444091797,55.96854782104492,47.490013122558594,6.949999809265137,43.18304443359375,95.49556732177734,496.57135009765625,122.9127197265625,,618.9617919921875,168.5302276611328,56.684139251708984,127.64959716796875,47.86384582519531,93.84879302978516,51.90450668334961,133.97991943359375
2025-07-11,210.14434814453125,65.46833038330078,55.84040832519531,47.33308792114258,7.050000190734863,43.164306640625,95.53363800048828,498.3933410644531,124.3304443359375,,616.7857666015625,167.6236572265625,56.5502815246582,127.01081848144531,47.90222930908203,93.3936996459961,51.3629150390625,132.86932373046875
2025-07-14,207.61656188964844,65.47785949707031,57.279544830322266,47.4017448425293,7.050000190734863,43.14557647705078,95.54317474365234,498.09625244140625,118.41993713378906,,617.9627685546875,167.9685516357422,56.5502815246582,127.23685455322266,47.92142105102539,94.75898742675781,51.746952056884766,132.71205139160156
2025-07-15,208.10421752929688,65.38253021240234,54.91384506225586,47.745018005371094,7.019999980926514,43.09873580932617,95.58126068115234,500.8688049316406,119.91752624511719,,615.3220825195312,166.99302673339844,56.37819290161133,126.58822631835938,47.892635345458984,94.37313842773438,50.86071014404297,130.32376098632812
2025-07-16,209.149169921875,65.51600646972656,54.76598358154297,47.970603942871094,7.150000095367432,43.164306640625,95.58126068115234,500.67083740234375,116.2434310913086,,617.3792724609375,167.51527404785156,56.53115463256836,127.08944702148438,47.98859405517578,94.13569641113281,51.215206146240234,131.94544982910156
2025-07-17,209.00982666015625,65.51600646972656,55.53483963012695,48.24522399902344,7.019999980926514,43.154945373535156,95.60982513427734,506.6913146972656,113.07850646972656,,621.1573486328125,168.45138549804688,56.502471923828125,127.73805236816406,48.00778579711914,94.07633972167969,51.70756149291992,130.4416961669922
2025-07-18,210.16424560546875,65.55413055419922,55.48555374145508,48.1373405456543,6.900000095367432,43.17367935180664,95.63841247558594,505.05743408203125,114.20669555664062,,620.7025146484375,168.3134307861328,56.62677001953125,127.62993621826172,48.04616928100586,94.03677368164062,51.73710632324219,129.57679748535156
2025-07-21,211.4580078125,65.75435638427734,55.23912048339844,48.45119094848633,7.190000057220459,43.229881286621094,95.65743255615234,505.0672912597656,113.04855346679688,,621.87939453125,168.71743774414062,56.75104522705078,127.94444274902344,48.08455276489258,94.650146484375,51.589393615722656,128.8396759033203
2025-07-22,213.3687744140625,65.84967803955078,54.874412536621094,48.480613708496094,7.460000038146973,43.2767219543457,95.6764907836914,500.32421875,109.04498291015625,,621.9684448242188,169.01304626464844,56.85621643066406,128.2982177734375,48.10374450683594,94.8282241821289,51.874969482421875,131.23779296875
2025-07-23,213.11997985839844,65.65901184082031,55.17998123168945,48.971012115478516,7.28000020980835,43.281402587890625,95.69552612304688,500.9183349609375,109.65399932861328,,627.2597045898438,170.9542694091797,56.71281433105469,129.7723388671875,47.99818801879883,94.66004943847656,52.28854751586914,133.93077087402344
2025-07-24,212.7318572998047,65.56367492675781,53.928131103515625,48.706199645996094,7.050000190734863,43.253299713134766,95.71456146240234,505.87933349609375,111.55095672607422,,627.4674682617188,170.81631469726562,56.64589309692383,129.4283905029297,48.00778579711914,95.57024383544922,52.259010314941406,133.4295196533203
2025-07-25,212.8512725830078,65.72575378417969,54.07598876953125,48.55907440185547,7.03000020980835,43.262664794921875,95.7621841430664,508.6816711425781,111.08171844482422,,630.1181030273438,171.21046447753906,56.731937408447266,129.70355224609375,48.00778579711914,96.43096923828125,52.623348236083984,134.13714599609375
2025-07-28,213.02047729492188,65.69715881347656,54.81527328491211,48.235416412353516,6.920000076293945,43.28607940673828,95.7717056274414,507.48345947265625,111.07173156738281,,629.9598388671875,170.47142028808594,56.66501235961914,129.05494689941406,48.01737976074219,96.5694808959961,52.259010314941406,132.9675750732422
2025-07-29,210.2538299560547,65.90687561035156,53.721134185791016,48.255035400390625,6.96999979019165,43.30013656616211,95.80026245117188,507.5527648925781,111.78058624267578,,628.2982788085938,170.10682678222656,56.88490295410156,128.819091796875,48.08455276489258,97.28180694580078,51.993133544921875,132.12234497070312
2025-07-30,208.0445098876953,65.78294372558594,52.8339958190918,47.901947021484375,6.739999771118164,43.28607940673828,95.80978393554688,508.2161865234375,114.5561294555664,,627.5070190429688,169.62400817871094,56.731937408447266,128.36700439453125,48.03657531738281,96.5496826171875,51.89466094970703,131.886474609375
2025-07-31,206.57162475585938,65.83060455322266,52.634178161621094,47.62732696533203,6.760000228881836,43.2767219543457,95.80026245117188,528.27783203125,108.96510314941406,,625.1531372070312,168.5991973876953,56.75104522705078,127.68889617919922,47.979000091552734,96.93553924560547,51.5697021484375,128.19100952148438
2025-08-01,201.40658569335938,66.21971130371094,50.59646987915039,47.27424240112305,6.860000133514404,43.39249038696289,95.8480453491211,518.9797973632812,104.7119369506836,,614.9066162109375,166.490478515625,57.310245513916016,126.19513702392578,48.17091751098633,97.44010162353516,50.61452865600586,128.87899780273438
2025-08-04,202.37193298339844,66.27706909179688,51.9516487121582,47.7646369934082,7.25,43.50544357299805,95.85762023925781,530.39697265625,107.59729766845703,,624.2530517578125,168.91452026367188,57.339019775390625,127.9640884399414,48.22848892211914,98.52837371826172,51.11673355102539,130.72671508789062
2025-08-05,201.94398498535156,66.2961654663086,52.29785919189453,47.901947021484375,7.480000019073486,43.49602508544922,95.8767318725586,522.584228515625,108.8852310180664,,621.0880737304688,168.34300231933594,57.29106521606445,127.70857238769531,48.199703216552734,98.25135803222656,50.909942626953125,130.22549438476562
2025-08-06,212.22430419921875,66.23882293701172,53.534332275390625,48.12752914428711,7.869999885559082,43.49602508544922,95.88629150390625,519.8016967773438,108.6056900024414,,625.8455200195312,169.6732635498047,57.29106521606445,128.5438995361328,48.199703216552734,102.25818634033203,51.15612030029297,128.26963806152344
2025-08-07,218.97169494628906,66.229248046875,53.04963684082031,48.5296516418457,7.71999979019165,43.50544357299805,95.90541076660156,515.7418823242188,111.69073486328125,,625.3212280273438,169.8309326171875,57.26228713989258,128.77976989746094,48.218894958496094,102.020751953125,50.584983825683594,126.79537963867188
2025-08-08,228.24685668945312,66.09541320800781,53.05952835083008,48.490421295166016,7.5,43.500736236572266,95.93407440185547,516.9300537109375,118.69947814941406,,630.1972045898438,171.09222412109375,57.15678405761719,129.5364990234375,48.23808670043945,102.6242446899414,51.057647705078125,127.9256362915039
2025-08-11,226.34388732910156,66.11453247070312,52.921043395996094,48.353111267089844,7.550000190734863,43.500736236572266,95.94363403320312,516.6627197265625,123.52174377441406,,628.9509887695312,170.56997680664062,57.16637420654297,129.19253540039062,48.2476806640625,102.8221206665039,51.03795623779297,128.0534210205078
2025-08-12,228.80479431152344,66.06674194335938,57.80758285522461,48.94158935546875,8.050000190734863,43.524269104003906,95.95320129394531,524.0595703125,127.5452880859375,,635.6467895507812,172.5604248046875,57.17596435546875,130.73544311523438,48.22848892211914,102.51541137695312,51.658329010009766,128.93797302246094
2025-08-13,232.47125244140625,66.30574035644531,58.7769775390625,49.53006362915039,8.069999694824219,43.6183967590332,96.0009994506836,515.4844970703125,124.07085418701172,,637.82275390625,173.20094299316406,57.32942581176758,131.39389038085938,48.305259704589844,99.91343688964844,51.953739166259766,131.0019073486328
2025-08-14,231.92327880859375,66.13365936279297,58.321956634521484,48.921974182128906,8.0,43.59957504272461,96.0009994506836,517.3657836914062,125.08922576904297,,637.882080078125,173.03343200683594,57.20473861694336,131.0794219970703,48.27647018432617,99.77494049072266,52.19992446899414,131.66041564941406
2025-08-15,230.73764038085938,65.96158599853516,59.58810806274414,48.98081970214844,8.140000343322754,43.585453033447266,96.03922271728516,515.078369140625,120.67630767822266,,636.3886108398438,173.15167236328125,57.14719009399414,131.0794219970703,48.23808670043945,99.16508483886719,51.658329010009766,133.87179565429688
2025-08-18,230.0402374267578,65.9520263671875,60.42890167236328,49.26525115966797,8.270000457763672,43.57133865356445,96.03922271728516,512.038330078125,123.35201263427734,,636.2501831054688,172.95458984375,57.118408203125,131.14820861816406,48.218894958496094,99.85922241210938,51.697715759277344,133.5572967529297
2025-08-19,229.71144104003906,66.05717468261719,59.84529113769531,48.86312484741211,7.960000038146973,43.57133865356445,96.0965805053711,504.7801818847656,121.85441589355469,,632.7984008789062,172.23526000976562,57.21433639526367,130.54872131347656,48.25728225708008,100.44430541992188,51.79618835449219,134.412353515625
2025-08-20,225.1781768798828,66.12409210205078,58.410980224609375,48.794471740722656,8.180000305175781,43.6183967590332,96.11568450927734,500.7698669433594,117.02217864990234,,631.1170043945312,172.1170196533203,57.27187728881836,130.38165283203125,48.28606414794922,101.71361541748047,52.06206512451172,135.13963317871094
2025-08-21,224.072265625,65.98069763183594,57.21407699584961,48.68658447265625,8.460000038146973,43.57604217529297,96.11568450927734,500.1250915527344,115.60444641113281,,628.5850830078125,171.4174041748047,57.137596130371094,129.90994262695312,48.27647018432617,97.14210510253906,51.89466094970703,134.68753051757812
2025-08-22,226.92173767089844,66.20057678222656,61.02241134643555,49.657569885253906,8.770000457763672,43.684288024902344,96.14436340332031,503.09075927734375,117.49142456054688,,638.2381591796875,173.97938537597656,57.396575927734375,132.13095092773438,48.468379974365234,96.02154541015625,52.751365661621094,135.7981414794922
2025-08-25,226.32395935058594,66.09541320800781,59.756263732910156,49.373138427734375,8.829999923706055,43.684288024902344,96.16345977783203,500.1449890136719,116.23344421386719,,635.4292602539062,172.92503356933594,57.3198356628418,131.26614379882812,48.449195861816406,95.26789093017578,52.44610595703125,133.86195373535156
2025-08-26,228.46604919433594,66.18145751953125,60.48826217651367,49.245635986328125,9.079999923706055,43.72194290161133,96.1825942993164,497.9430847167969,116.31330871582031,,638.0897216796875,173.3684539794922,57.454124450683594,131.61009216308594,48.52595901489258,95.24805450439453,52.84983825683594,134.69737243652344
2025-08-27,229.64170837402344,66.229248046875,60.59706497192383,48.95139694213867,9.15999984741211,43.778411865234375,96.20171356201172,502.604736328125,117.56130981445312,,639.5436401367188,173.634521484375,57.55004119873047,131.66903686523438,48.61231994628906,95.27780151367188,52.95815658569336,134.61874389648438
2025-08-28,231.7041015625,66.2961654663086,61.29938507080078,49.13774490356445,8.949999809265137,43.80664825439453,96.22081756591797,505.4810791015625,121.80449676513672,,641.8085327148438,174.33413696289062,57.60759353637695,132.18992614746094,48.60272979736328,95.30755615234375,53.02708435058594,134.08799743652344
2025-08-29,231.28562927246094,66.23882293701172,61.1114387512207,48.90235900878906,9.3100004196167,43.816062927246094,96.24948120117188,502.5551452636719,118.81929779052734,,637.98095703125,173.309326171875,57.626773834228516,131.46267700195312,48.63151168823242,96.17029571533203,53.16495132446289,135.07083129882812
2025-09-02,228.8745574951172,66.02214050292969,60.46847915649414,48.86312484741211,9.430000305175781,43.793365478515625,96.25908660888672,500.9979248046875,118.29014587402344,,633.2533569335938,171.99876403808594,57.514198303222656,130.51922607421875,48.583534240722656,97.03302001953125,52.771060943603516,135.1986083984375
2025-09-03,237.5923309326172,66.24264526367188,60.606956481933594,49.04947280883789,9.510000228881836,43.84065628051758,96.25908660888672,501.22607421875,118.5297622680664,,636.685302734375,172.63926696777344,57.62965393066406,131.00079345703125,48.583534240722656,98.60974884033203,52.682437896728516,134.5597686767578
2025-09-04,238.8975067138672,66.4439468383789,59.894744873046875,48.892547607421875,9.460000038146973,43.8879508972168,96.27828979492188,503.82470703125,124.01095581054688,,642.0064086914062,174.07794189453125,57.78361892700195,131.93438720703125,48.5931282043457,100.0873031616211,53.23387908935547,135.07083129882812
2025-09-05,238.807861328125,66.69320678710938,60.5179328918457,49.48102569580078,9.90999984741211,43.963623046875,96.26868438720703,490.9605407714844,131.15948486328125,,640.14697265625,173.85128784179688,57.966453552246094,132.06216430664062,48.669898986816406,99.67082214355469,52.259010314941406,135.53277587890625
2025-09-08,237.0045166015625,66.83699798583984,61.09165573120117,49.93218994140625,10.079999923706055,43.9825325012207,96.32624053955078,494.1344299316406,131.2493438720703,,641.7195434570312,174.66915893554688,58.05305480957031,132.77957153320312,48.689090728759766,101.42604064941406,52.298397064208984,135.483642578125
2025-09-09,233.48751831054688,66.76029968261719,60.02334213256836,50.206809997558594,10.020000457763672,43.944705963134766,96.3358383178711,494.3427429199219,135.02328491210938,,643.2031860351562,174.9647674560547,57.966453552246094,132.90733337402344,48.669898986816406,101.43595886230469,52.52488327026367,136.2109375
2025-09-10,225.955322265625,66.86575317382812,60.72565841674805,50.55009078979492,10.90999984741211,43.973079681396484,96.3454360961914,496.2867126464844,139.77565002441406,,645.0625,175.26039123535156,58.02418899536133,133.1923370361328,48.65070724487305,99.5716552734375,52.34762954711914,134.9725799560547
2025-09-11,229.1833953857422,66.96163177490234,59.78593826293945,51.28568649291992,11.050000190734863,43.99198913574219,96.36463928222656,496.9215087890625,150.32872009277344,,650.423095703125,176.8468475341797,58.06267547607422,134.50921630859375,48.65070724487305,101.79295349121094,53.2043342590332,137.32154846191406
2025-09-12,233.2085418701172,66.84660339355469,59.222110748291016,51.25625991821289,11.15999984741211,43.973079681396484,96.41259765625,505.73895263671875,156.97804260253906,,650.20556640625,176.63006591796875,57.966453552246094,134.24388122558594,48.641109466552734,102.62593841552734,52.97785186767578,135.73916625976562
2025-09-15,235.82884216308594,66.92328643798828,57.78779983520508,51.62895965576172,11.40999984741211,43.9825325012207,96.40300750732422,511.1544189453125,157.5171661376953,,653.6671142578125,177.5464630126953,58.033809661865234,135.00059509277344,48.65070724487305,102.82426452636719,52.85969161987305,134.5794219970703
2025-09-16,237.2735137939453,66.95203399658203,57.23386001586914,52.011470794677734,11.010000228881836,43.99198913574219,96.42219543457031,504.885986328125,158.5655059814453,,652.7671508789062,177.3789520263672,58.08192443847656,134.9514617919922,48.69868469238281,102.5565185546875,52.741519927978516,134.5794219970703
2025-09-17,238.1104278564453,66.88495635986328,58.183467864990234,52.23705291748047,11.029999732971191,43.954158782958984,96.43179321289062,505.8579406738281,159.73362731933594,,651.9561157226562,176.93553161621094,57.966453552246094,134.75489807128906,48.67948913574219,103.39942169189453,53.253578186035156,134.8448028564453
2025-09-18,237.0045166015625,66.73155975341797,58.82643508911133,52.109554290771484,11.010000228881836,43.944705963134766,96.46057891845703,504.3008117675781,168.61935424804688,,655.0023193359375,177.86180114746094,57.86060333251953,135.38385009765625,48.641109466552734,102.73501586914062,53.30281448364258,135.1101531982422
2025-09-19,244.59646606445312,66.76991271972656,59.11329650878906,51.99185562133789,11.34000015258789,43.935245513916016,96.49894714355469,513.7034301757812,162.46922302246094,,658.2465209960938,178.39390563964844,57.86060333251953,135.56927490234375,48.641109466552734,101.47561645507812,53.42097473144531,134.93324279785156
2025-09-22,255.13751220703125,66.70280456542969,58.252716064453125,52.24686050415039,11.970000267028809,43.944705963134766,96.49894714355469,510.25189208984375,164.356201171875,,661.3607177734375,179.0541229248047,57.79324722290039,136.12152099609375,48.5931282043457,101.9615249633789,53.3498420715332,134.89869689941406
2025-09-23,253.4936065673828,66.76991271972656,58.11423110961914,52.276283264160156,12.010000228881836,43.973079681396484,96.51812744140625,505.0744323730469,166.14332580566406,,657.7605590820312,178.32493591308594,57.89908218383789,135.6087188720703,48.641109466552734,101.66402435302734,53.11273193359375,135.20477294921875
2025-09-24,251.3813934326172,66.69320678710938,57.085479736328125,52.0997428894043,11.699999809265137,43.963623046875,96.508544921875,505.98687744140625,161.4508819580078,,655.6678466796875,177.5267791748047,57.77400207519531,134.9972686767578,48.621917724609375,101.87227630615234,52.96453857421875,134.6617431640625
2025-09-25,255.92462158203125,66.62611389160156,56.12598419189453,51.79569625854492,11.819999694824219,43.916324615478516,96.51812744140625,502.8923645019531,156.5786895751953,,652.6429443359375,176.71875,57.67777633666992,134.23793029785156,48.554744720458984,102.18961334228516,52.82622528076172,132.43038940429688
2025-09-26,254.51980590820312,66.67403411865234,56.58100509643555,51.69761657714844,12.420000076293945,43.916324615478516,96.5373306274414,507.28619384765625,157.0179901123047,,656.3818969726562,177.66473388671875,57.67777633666992,134.9676971435547,48.583534240722656,102.29869079589844,53.21153259277344,133.78302001953125
2025-09-29,253.4936065673828,66.79866790771484,57.03602600097656,52.16839599609375,12.829999923706055,43.925785064697266,96.5373306274414,510.40057373046875,163.63735961914062,,658.2266845703125,178.2855224609375,57.764373779296875,135.4805145263672,48.573936462402344,102.2193603515625,53.47827911376953,134.1779327392578
2025-09-30,253.69288635253906,66.77948760986328,56.13587188720703,52.374366760253906,12.930000305175781,43.89740753173828,96.60449981689453,513.7232666015625,167.0518798828125,,660.7060546875,178.90631103515625,57.764373779296875,135.89471435546875,48.583534240722656,102.19953155517578,53.22140884399414,137.40650939941406
2025-10-01,254.5098419189453,66.898681640625,55.50279998779297,52.78629684448242,13.050000190734863,43.93827819824219,96.62374114990234,515.4688720703125,181.85809326171875,,662.9574584960938,179.69461059570312,57.93233108520508,136.59487915039062,48.63991165161133,101.10870361328125,52.74718475341797,141.6520233154297
2025-10-02,256.18365478515625,66.95634460449219,56.462303161621094,53.031494140625,13.289999961853027,43.96678924560547,96.63337707519531,511.53125,183.45555114746094,,663.7210693359375,179.97052001953125,57.97093200683594,136.7921142578125,48.63018798828125,100.85087585449219,52.707672119140625,141.3755645751953
2025-10-03,257.07037353515625,66.90828704833984,56.640350341796875,53.18842315673828,13.279999732971191,43.97629928588867,96.66226196289062,513.1281127929688,187.64645385742188,,663.7113037109375,180.33511352539062,57.87440872192383,137.15701293945312,48.591312408447266,101.21778869628906,53.07321548461914,142.98492431640625
2025-10-06,255.74526977539062,66.75448608398438,57.6295280456543,53.43362045288086,13.720000267028809,43.957275390625,96.68152618408203,524.256591796875,190.7733917236328,,666.0914916992188,180.9263458251953,57.777889251708984,137.65008544921875,48.61075210571289,101.842529296875,53.0534553527832,142.29379272460938
2025-10-07,255.53607177734375,66.85061645507812,56.01716995239258,53.021690368652344,13.039999961853027,43.924015045166016,96.69115447998047,519.7040405273438,185.508544921875,,663.6220092773438,179.9508056640625,57.89371109008789,136.80197143554688,48.63991165161133,102.37801361083984,53.12261199951172,142.40237426757812
2025-10-08,257.1102600097656,66.91790008544922,56.50186538696289,53.44343185424805,13.390000343322754,43.91926574707031,96.70079040527344,520.56689453125,196.34793090820312,,667.5791625976562,180.83766174316406,57.85511016845703,137.54161071777344,48.64963150024414,102.04086303710938,52.86574172973633,142.6788330078125
2025-10-09,253.1050262451172,66.86983489990234,58.92535400390625,52.89418411254883,12.59000015258789,43.9002571105957,96.7104263305664,518.1369018554688,192.1420440673828,,665.6452026367188,180.0000762939453,57.845455169677734,136.8217010498047,48.63018798828125,100.92029571533203,52.67802810668945,142.36289978027344
2025-10-10,244.36732482910156,67.13896942138672,56.85797119140625,50.942405700683594,12.699999809265137,43.9002571105957,96.72004699707031,506.7903137207031,181.4225311279297,,647.6542358398438,175.5954132080078,58.10606384277344,133.2912139892578,48.68851089477539,100.98970794677734,51.53199768066406,140.3092498779297
2025-10-13,246.74851989746094,67.235107421875,58.08455276489258,52.423404693603516,13.550000190734863,43.98579788208008,96.73931121826172,509.8551025390625,192.58163452148438,,657.5919189453125,178.00961303710938,58.154319763183594,135.42135620117188,48.727394104003906,101.26737976074219,52.02597427368164,140.15127563476562
2025-10-14,246.8581085205078,67.32159423828125,60.606956481933594,51.9526252746582,13.600000381469727,44.01431655883789,96.72969818115234,509.3789367675781,186.877197265625,,656.78857421875,178.1278533935547,58.2508430480957,135.352294921875,48.71767044067383,106.31488037109375,52.598995208740234,140.5363311767578
2025-10-15,248.42233276367188,67.3408203125,61.03230285644531,52.80591583251953,14.260000228881836,44.042823791503906,96.74893951416016,509.2401428222656,191.75242614746094,,659.7044067382812,178.85702514648438,58.20258712768555,136.1116485595703,48.70795440673828,108.11967468261719,52.598995208740234,140.75355529785156
2025-10-16,246.53927612304688,67.52344512939453,59.928977966308594,53.14918899536133,14.640000343322754,44.061832427978516,96.7585678100586,507.4349670410156,202.3320770263672,,655.211669921875,178.23626708984375,58.41493225097656,135.74676513671875,48.76626968383789,105.58104705810547,51.136810302734375,140.5166015625
2025-10-17,251.36146545410156,67.44654846191406,59.17490005493164,53.139381408691406,13.359999656677246,44.09035110473633,96.79711151123047,509.3889465332031,202.18223571777344,,658.9308471679688,178.9851531982422,58.31840133666992,136.1708221435547,48.727394104003906,106.83053588867188,51.551753997802734,141.45455932617188
2025-10-20,261.27484130859375,67.50421142578125,61.26844787597656,53.865169525146484,13.670000076293945,44.109352111816406,96.80671691894531,512.5726928710938,206.5679473876953,,665.7840576171875,180.56175231933594,58.366668701171875,137.52188110351562,48.74683380126953,106.15621948242188,52.15441131591797,142.95529174804688
2025-10-21,261.8028869628906,67.56189727783203,61.83399963378906,53.26689147949219,12.1899995803833,44.13786697387695,96.82598876953125,513.4356079101562,202.09231567382812,,665.7741088867188,180.18731689453125,58.434234619140625,137.1668701171875,48.78571319580078,105.33314514160156,52.09513473510742,143.29098510742188
2025-10-22,257.4988098144531,67.58112335205078,59.53209686279297,53.21784591674805,12.050000190734863,44.11885070800781,96.83562469482422,516.2921142578125,198.2760467529297,,662.312744140625,179.3300323486328,58.434234619140625,136.57516479492188,48.814876556396484,106.2454605102539,51.798744201660156,144.11048889160156
2025-10-23,258.6246032714844,67.47538757324219,58.31168746948242,53.688629150390625,12.039999961853027,44.11885070800781,96.84525299072266,516.3119506835938,206.50799560546875,,666.2402954101562,180.48292541503906,58.299102783203125,137.47256469726562,48.77599334716797,105.96780395507812,51.90742492675781,144.189453125
2025-10-24,261.85272216796875,67.48500061035156,60.47468566894531,54.04171371459961,11.880000114440918,44.13786697387695,96.89338684082031,519.3370361328125,218.8059844970703,,671.6851806640625,181.59640502929688,58.34736251831055,138.34042358398438,48.77599334716797,105.28355407714844,52.470558166503906,144.17958068847656
2025-10-27,267.8206481933594,67.54267120361328,59.97858428955078,54.63999938964844,11.520000457763672,44.13786697387695,96.88377380371094,527.1824951171875,219.8849334716797,,679.6094970703125,183.53759765625,58.31840133666992,139.72103881835938,48.73711395263672,103.5977554321289,52.68791198730469,144.51527404785156
2025-10-28,268.00994873046875,67.59073638916016,57.408782958984375,54.62038040161133,11.59000015258789,44.166385650634766,96.91266632080078,537.6464233398438,221.69314575195312,,681.41455078125,183.9120635986328,58.357017517089844,139.81967163085938,48.71767044067383,102.30860137939453,52.35200500488281,143.60693359375
2025-10-29,268.7073974609375,67.32159423828125,58.30176544189453,54.934234619140625,11.489999771118164,44.099853515625,96.93193054199219,537.1305541992188,226.40853881835938,,681.7418212890625,183.4883575439453,58.06746292114258,139.63229370117188,48.58158874511719,101.60453033447266,51.46284103393555,142.1555633544922
2025-10-30,270.401123046875,67.30237579345703,56.67455291748047,54.36537551879883,11.65999984741211,44.061832427978516,96.93193054199219,521.4695434570312,223.79107666015625,,674.2440185546875,181.95114135742188,58.03849792480469,138.3995819091797,48.58158874511719,101.37645721435547,51.60115432739258,142.4715118408203
2025-10-31,269.37493896484375,67.32159423828125,56.932525634765625,54.23787307739258,11.579999923706055,44.109352111816406,96.970458984375,513.5843505859375,223.55133056640625,,676.4556884765625,182.32559204101562,58.08675003051758,138.6461181640625,48.63991165161133,100.33522033691406,51.739463806152344,142.42214965820312
2025-11-03,268.0597839355469,67.24642944335938,58.043792724609375,54.581153869628906,11.529999732971191,44.09693908691406,96.99945068359375,512.8107299804688,234.47064208984375,,677.7251586914062,182.65077209472656,58.068359375,138.81378173828125,48.63991165161133,100.7417984008789,51.522117614746094,142.61959838867188
2025-11-04,269.046142578125,67.26570129394531,55.21601867675781,53.58074188232422,10.960000038146973,44.11603927612305,97.00911712646484,510.1327819824219,217.81692504882812,,669.691650390625,180.4040985107422,58.1264533996582,137.06825256347656,48.64963150024414,101.4161148071289,51.78886795043945,143.26138305664062
2025-11-05,269.14581298828125,67.13076782226562,58.08348083496094,54.06132888793945,11.920000076293945,44.077842712402344,97.01879119873047,503.02130126953125,237.2678985595703,,672.012451171875,181.22195434570312,57.94248580932617,137.81773376464844,48.591312408447266,100.622802734375,51.966697692871094,143.8142852783203
2025-11-06,268.7771301269531,67.26570129394531,57.35917282104492,53.659202575683594,12.039999961853027,44.11603927612305,97.0381088256836,493.04339599609375,238.0970916748047,,664.80224609375,179.5074005126953,58.165191650390625,136.58502197265625,48.63018798828125,100.83104705810547,51.778987884521484,144.09071350097656
2025-11-07,267.48193359375,67.2367935180664,58.42082595825195,53.50227737426758,12.680000305175781,44.144691467285156,97.05746459960938,492.7657165527344,237.6875,,665.4567260742188,179.89169311523438,58.194236755371094,136.91046142578125,48.65935134887695,101.73344421386719,52.144527435302734,144.28819274902344
2025-11-10,268.6985778808594,67.24642944335938,58.10332489013672,54.4438362121582,13.300000190734863,44.15423583984375,97.08645629882812,501.8707580566406,253.05245971679688,,675.8406982421875,182.4635467529297,58.1264533996582,138.82363891601562,48.64963150024414,101.56485748291016,52.33224105834961,145.4137420654297
2025-11-11,274.5028076171875,67.38134765625,57.28972244262695,54.502685546875,13.670000076293945,44.21152877807617,97.08645629882812,504.5289306640625,240.8743896484375,,677.387939453125,183.044921875,58.26201248168945,139.19837951660156,48.727394104003906,102.57635498046875,52.56935501098633,148.77066040039062
2025-11-12,272.7276611328125,67.35243225097656,60.00835418701172,54.51249313354492,14.420000076293945,44.18287658691406,97.09613037109375,506.9688720703125,244.66065979003906,,677.7647705078125,183.51791381835938,58.26201248168945,139.53367614746094,48.65935134887695,102.57635498046875,53.02381896972656,150.883544921875
2025-11-13,272.2090759277344,67.18858337402344,59.44279479980469,53.87498092651367,13.779999732971191,44.13513946533203,97.1154556274414,499.1828918457031,236.71844482421875,,666.5180053710938,180.55191040039062,58.1555061340332,137.36410522460938,48.64963150024414,101.68386840820312,52.34212112426758,150.8045654296875
2025-11-14,271.6705322265625,67.07293701171875,57.954490661621094,53.90440368652344,13.729999542236328,44.144691467285156,97.14445495605469,506.01666259765625,246.58877563476562,,666.4088134765625,180.5124969482422,58.0974006652832,137.31480407714844,48.63991165161133,101.6243667602539,51.818504333496094,149.90609741210938
2025-11-17,266.7339782714844,67.10184478759766,55.32516098022461,53.26689147949219,13.489999771118164,44.15423583984375,97.15412139892578,503.3486022949219,241.7135772705078,,660.2003173828125,178.63040161132812,58.1264533996582,135.8059539794922,48.63991165161133,102.09043884277344,50.830543518066406,149.77774047851562
2025-11-18,266.7139892578125,67.12110900878906,56.68447494506836,53.002071380615234,13.680000305175781,44.17333221435547,97.1831283569336,489.7604064941406,228.27670288085938,,654.65625,177.14248657226562,58.223289489746094,134.79017639160156,48.65935134887695,100.54346466064453,50.75150680541992,150.65646362304688
2025-11-19,267.83099365234375,67.07293701171875,56.42650604248047,52.81571960449219,13.670000076293945,44.18287658691406,97.17344665527344,483.14483642578125,225.69923400878906,,657.185302734375,177.42823791503906,58.194236755371094,134.9282684326172,48.63991165161133,99.76998138427734,50.93922424316406,150.39976501464844
2025-11-20,265.5272521972656,67.13076782226562,55.53352355957031,52.089935302734375,12.779999732971191,44.21152877807617,97.17344665527344,475.41387939453125,201.17320251464844,,647.1683349609375,174.7085723876953,58.300750732421875,132.8671417236328,48.669071197509766,106.21571350097656,50.4946403503418,149.50128173828125
2025-11-21,270.75299072265625,67.28496551513672,58.113243103027344,52.08012771606445,12.880000114440918,44.27836608886719,97.22179412841797,469.1436767578125,207.16734313964844,,653.6148681640625,176.56109619140625,58.44599533081055,134.2675018310547,48.71767044067383,104.4406509399414,51.04789352416992,152.65086364746094
2025-11-24,275.1710205078125,67.35243225097656,60.196868896484375,52.629371643066406,13.949999809265137,44.316566467285156,97.24113464355469,471.0118103027344,223.71116638183594,,663.2351684570312,178.5121612548828,58.48472213745117,135.89471435546875,48.70795440673828,103.19117736816406,51.2652473449707,153.29263305664062
2025-11-25,276.2181701660156,67.47773742675781,61.66532897949219,52.81571960449219,14.539999961853027,44.35476303100586,97.25080108642578,473.9829406738281,224.31057739257812,,669.4735107421875,180.54205322265625,58.600921630859375,137.15701293945312,48.74683380126953,106.10662841796875,51.90742492675781,156.75814819335938
2025-11-26,276.79656982421875,67.53556060791016,63.76879119873047,53.19823455810547,15.3100004196167,44.364315032958984,97.28946685791016,482.4393005371094,230.03497314453125,,674.09521484375,182.0299835205078,58.62028503417969,138.28125,48.77599334716797,108.18909454345703,52.3124885559082,156.41258239746094
2025-11-28,278.0930480957031,67.45846557617188,63.600120544433594,53.276695251464844,15.539999961853027,44.373863220214844,97.29913330078125,488.9082946777344,236.2489013671875,,677.7747192382812,182.94639587402344,58.542823791503906,138.9419708251953,48.74683380126953,109.58733367919922,52.68791198730469,155.65234375
2025-12-01,282.3315124511719,67.23328399658203,63.64973449707031,53.237464904785156,15.380000114440918,44.36426544189453,97.31854248046875,483.6715087890625,240.22503662109375,,674.6803588867188,182.12852478027344,58.35439682006836,138.28125,48.727394104003906,110.59880828857422,52.25320816040039,153.32223510742188
2025-12-02,285.4131164550781,67.28160858154297,64.63201141357422,53.257080078125,14.979999542236328,44.40264129638672,97.32823944091797,486.91094970703125,239.25596618652344,,675.9299926757812,182.5719451904297,58.40296173095703,138.5376434326172,48.73711395263672,111.47146606445312,52.20381164550781,152.40403747558594
2025-12-03,283.3786315917969,67.3492660522461,66.96367645263672,53.29631423950195,15.029999732971191,44.44102096557617,97.33794403076172,474.7182922363281,233.93118286132812,,678.2706298828125,183.3405303955078,58.48065948486328,139.10963439941406,48.77599334716797,113.45477294921875,52.9052619934082,153.1149139404297
2025-12-04,279.9380187988281,67.25262451171875,66.71563720703125,53.28650665283203,15.15999984741211,44.41223907470703,97.34764862060547,477.8086853027344,226.4285125732422,,678.7665405273438,183.52777099609375,58.36410903930664,139.32656860351562,48.75655746459961,113.88117218017578,53.013938903808594,151.94985961914062
2025-12-05,278.0232238769531,67.14632415771484,66.57672119140625,53.688629150390625,15.270000457763672,44.393043518066406,97.38646697998047,480.1140441894531,236.98818969726562,,680.0557861328125,183.85293579101562,58.26698303222656,139.60272216796875,48.74683380126953,114.14891052246094,53.033695220947266,151.3179473876953
2025-12-08,277.13568115234375,67.01100158691406,66.69579315185547,53.57093048095703,14.819999694824219,44.37385177612305,97.37675476074219,487.9245300292969,246.6787109375,,678.0127563476562,183.19273376464844,58.18928146362305,139.17864990234375,48.70795440673828,112.61185455322266,52.83610153198242,149.5111541748047
2025-12-09,276.4275817871094,67.03034973144531,66.88431549072266,53.482662200927734,15.180000305175781,44.325889587402344,97.38646697998047,488.918212890625,252.17333984375,,677.4276123046875,183.16317749023438,58.111576080322266,139.02088928222656,48.65935134887695,114.09933471679688,52.638511657714844,148.05979919433594
2025-12-10,278.0232238769531,67.11731719970703,69.38465881347656,54.0809440612793,15.460000038146973,44.383453369140625,97.41557312011719,475.5430603027344,263.4522705078125,,681.9203491210938,184.39491271972656,58.26698303222656,140.20428466796875,48.71767044067383,112.23503112792969,53.24116516113281,150.212158203125
2025-12-11,277.2752685546875,67.11731719970703,70.00973510742188,53.8259391784668,15.930000305175781,44.393043518066406,97.4446792602539,480.422119140625,258.2074279785156,,683.5072021484375,185.10438537597656,58.286407470703125,140.5888671875,48.727394104003906,114.55549621582031,54.20936965942383,151.63392639160156
2025-12-12,277.52459716796875,67.00135803222656,69.26558685302734,53.19823455810547,15.84000015258789,44.41223907470703,97.47378540039062,475.5132751464844,240.90435791015625,,676.1581420898438,183.37008666992188,58.208702087402344,139.2674102783203,48.71767044067383,115.96154022216797,54.28840255737305,152.1078338623047
2025-12-15,273.3658752441406,67.07865905761719,70.71420288085938,53.04130554199219,15.779999732971191,44.460205078125,97.48348999023438,471.82666015625,237.2678985595703,,675.1365966796875,183.53759765625,58.26698303222656,139.2674102783203,48.70795440673828,116.05097961425781,54.32792663574219,154.12197875976562
2025-12-16,273.8645324707031,67.18496704101562,70.58522033691406,52.70604705810547,15.890000343322754,44.48898696899414,97.51260375976562,473.3867492675781,232.28277587890625,,673.2918701171875,182.96644592285156,58.36410903930664,138.73486328125,48.68851089477539,114.68964385986328,53.98213577270508,152.11770629882812
2025-12-17,271.1020812988281,67.1559829711914,69.1762924194336,52.32801055908203,16.06999969482422,44.51297378540039,97.52230072021484,473.1184387207031,225.29962158203125,,665.8832397460938,181.0790557861328,58.373817443847656,137.4627227783203,48.71767044067383,114.92813110351562,53.972259521484375,151.84124755859375
2025-12-18,271.45111083984375,67.24589538574219,69.60294342041016,52.92491149902344,16.1200008392334,44.55615234375,97.53199005126953,480.9289245605469,248.30711364746094,,670.9114990234375,182.44989013671875,58.48491287231445,138.49818420410156,48.738380432128906,114.10337829589844,53.88334274291992,151.95973205566406
2025-12-19,272.9271545410156,67.12860870361328,70.50584411621094,53.442222595214844,16.790000915527344,44.54655838012695,97.57081604003906,482.856689453125,265.66015625,,676.9923095703125,183.94985961914062,58.39720916748047,139.66622924804688,48.728519439697266,113.63634490966797,54.17972946166992,152.9766845703125
2025-12-22,270.23443603515625,67.10906982421875,71.49803924560547,53.73072052001953,17.549999237060547,44.54655838012695,97.58052062988281,481.86297607421875,276.3197021484375,,681.2098388671875,185.05247497558594,58.34849166870117,140.50123596191406,48.70880126953125,111.88748931884766,54.844970703125,153.98507690429688
2025-12-23,271.62066650390625,67.18727111816406,69.95021057128906,54.029170989990234,17.709999084472656,44.54655838012695,97.59990692138672,483.78082275390625,276.0000305175781,,684.3233032226562,185.9663848876953,58.299766540527344,141.16726684570312,48.698936462402344,110.1982421875,54.95402526855469,153.6776885986328
2025-12-24,273.06671142578125,67.3240966796875,70.40662384033203,54.13859939575195,17.31999969482422,44.584938049316406,97.63872528076172,484.94342041015625,286.39984130859375,,686.7305297851562,186.47299194335938,58.39720916748047,141.5151824951172,48.728519439697266,110.90375518798828,55.25144958496094,154.4808349609375
2025-12-26,272.6578369140625,67.3338623046875,70.2974853515625,54.51663589477539,17.610000610351562,44.59452819824219,97.65814208984375,484.6354064941406,284.5116882324219,,686.660888671875,186.56239318847656,58.465415954589844,141.65435791015625,48.74823760986328,111.03292846679688,55.142391204833984,154.72872924804688
2025-12-29,273.0168762207031,67.3338623046875,68.98777770996094,54.37736129760742,16.479999542236328,44.63290786743164,97.6678466796875,484.02923583984375,294.2011413574219,,684.2138671875,185.85711669921875,58.543373107910156,141.16726684570312,48.76795959472656,111.81792449951172,54.844970703125,154.49073791503906
2025-12-30,272.33868408203125,67.3338623046875,68.79925537109375,54.596221923828125,16.75,44.63290786743164,97.6678466796875,484.4068603515625,292.4621276855469,,683.3782958984375,185.7677001953125,58.50439453125,141.137451171875,48.7778205871582,111.2117919921875,54.706172943115234,154.36184692382812
2025-12-31,271.12200927734375,67.18727111816406,68.8587875366211,54.427101135253906,16.489999771118164,44.61748504638672,97.706787109375,480.5711669921875,285.24627685546875,,678.3152465820312,184.53594970703125,58.39720916748047,140.222900390625,48.76795959472656,110.70501708984375,54.29969024658203,153.4893035888672
2026-01-02,270.27435302734375,67.17748260498047,68.52144622802734,55.94919204711914,16.219999313354492,44.598209381103516,97.73600006103516,469.95849609375,315.23907470703125,,679.55859375,185.27102661132812,58.37771987915039,141.25672912597656,48.75809860229492,112.04647827148438,54.45832061767578,154.1932830810547
2026-01-05,266.5345458984375,67.2947769165039,71.2599105834961,56.565982818603516,16.31999969482422,44.675315856933594,97.73600006103516,469.86907958984375,311.970947265625,,684.0845947265625,186.7610626220703,58.48491287231445,142.44961547851562,48.80739974975586,111.99678802490234,55.648014068603516,153.72726440429688
2026-01-06,261.6477966308594,67.3338623046875,71.65679931640625,56.98381042480469,16.829999923706055,44.68495178222656,97.75547790527344,475.4933776855469,343.23297119140625,,688.1529541015625,187.724609375,58.47515869140625,143.2846221923828,48.82712173461914,113.61646270751953,55.91569900512695,156.75143432617188
2026-01-07,259.6233215332031,67.42182922363281,71.09123992919922,56.556034088134766,16.979999542236328,44.723506927490234,97.76521301269531,480.422119140625,339.355224609375,,685.9347534179688,186.96966552734375,58.52388381958008,142.68817138671875,48.82712173461914,112.00672912597656,55.13248062133789,158.3081512451172
2026-01-08,258.3368225097656,67.36318969726562,70.73405456542969,56.575931549072266,17.040000915527344,44.70423126220703,97.77495574951172,475.0959167480469,326.8323974609375,,685.8651123046875,186.98953247070312,58.406951904296875,142.78759765625,48.817256927490234,112.35450744628906,55.41999053955078,156.7811737060547
2026-01-09,258.6659240722656,67.45116424560547,71.74609375,56.84453582763672,17.209999084472656,44.665679931640625,97.80416870117188,476.258544921875,344.8920593261719,,690.4010009765625,188.27096557617188,58.406951904296875,143.73194885253906,48.80739974975586,113.8052749633789,55.25144958496094,155.97805786132812
2026-01-12,259.54351806640625,67.4413833618164,70.47607421875,57.64039611816406,17.799999237060547,44.68495178222656,97.81388854980469,474.1717529296875,345.6716003417969,,691.4852294921875,188.78750610351562,58.37771987915039,144.3780975341797,48.817256927490234,117.2235107421875,54.81522750854492,156.04745483398438
2026-01-13,260.34136962890625,67.45116424560547,68.78933715820312,57.21261978149414,17.420000076293945,44.68495178222656,97.82363891601562,467.70281982421875,337.93603515625,,690.1026000976562,188.27096557617188,58.42644119262695,143.84129333496094,48.836978912353516,119.59837341308594,53.76432800292969,155.4128875732422
2026-01-14,259.2543029785156,67.57821655273438,67.95587921142578,57.45138168334961,17.809999465942383,44.713871002197266,97.86259460449219,456.4840087890625,333.1587829589844,,686.7105712890625,187.67494201660156,58.50439453125,143.7418975830078,48.836978912353516,119.28040313720703,53.685020446777344,156.5233917236328
2026-01-15,257.5090637207031,67.4902572631836,70.78366088867188,57.78962326049805,17.56999969482422,44.675315856933594,97.89179992675781,453.7811279296875,336.4368896484375,,688.5806884765625,187.99282836914062,58.39720916748047,144.06993103027344,48.787681579589844,118.44571685791016,53.90312576293945,155.6310272216797
2026-01-16,254.8363494873047,67.41205596923828,69.88075256347656,57.57075881958008,17.170000076293945,44.68495178222656,97.9307632446289,456.9609680175781,362.54193115234375,,688.0037231445312,187.95309448242188,58.26079559326172,144.06993103027344,48.76795959472656,118.94255065917969,53.9725227355957,154.4213409423828
2026-01-20,246.0303192138672,67.16770935058594,66.93392181396484,57.01365661621094,19.829999923706055,44.63676834106445,97.95996856689453,451.65460205078125,364.7906494140625,,673.9981689453125,184.40679931640625,58.153602600097656,141.60464477539062,48.76795959472656,117.95882415771484,52.7431755065918,154.08421325683594
2026-01-21,246.9777374267578,67.3045425415039,68.41229248046875,57.958744049072266,19.260000228881836,44.675315856933594,97.9697036743164,441.3102111816406,388.88677978515625,,681.77685546875,186.41339111328125,58.241302490234375,143.26473999023438,48.80739974975586,118.60470581054688,53.000938415527344,156.9199981689453
2026-01-22,247.67584228515625,67.34363555908203,68.41229248046875,58.39646911621094,20.040000915527344,44.675315856933594,97.99891662597656,448.2959289550781,397.3518981933594,,685.3379516601562,187.30740356445312,58.21207046508789,144.05999755859375,48.76795959472656,117.08438873291016,53.347938537597656,156.9497528076172
2026-01-23,247.36666870117188,67.38273620605469,67.43001556396484,58.764556884765625,20.950000762939453,44.69459533691406,98.02812194824219,463.0125732421875,399.4207458496094,,685.5865478515625,187.6054229736328,58.26079559326172,144.3383331298828,48.836978912353516,116.98502349853516,52.614288330078125,156.1466064453125
2026-01-26,254.71669006347656,67.45116424560547,66.9736099243164,58.864036560058594,21.0,44.718692779541016,98.01839447021484,467.3152770996094,388.8667907714844,,689.068115234375,188.6484375,58.319252014160156,144.9745330810547,48.836978912353516,116.89559936523438,52.95137023925781,156.76136779785156
2026-01-27,257.56890869140625,67.41205596923828,65.62420654296875,60.02798843383789,21.329999923706055,44.74277877807617,98.01839447021484,477.5503234863281,410.0046691894531,,691.8134765625,190.01927185058594,58.30950927734375,146.17735290527344,48.88628387451172,116.20002746582031,52.544891357421875,154.13380432128906
2026-01-28,255.74386596679688,67.41205596923828,65.31663513183594,60.43586730957031,22.030000686645508,44.77170944213867,98.02812194824219,478.59368896484375,435.03033447265625,,691.7438354492188,189.5225830078125,58.2802734375,145.9288330078125,48.915863037109375,115.83236694335938,52.534976959228516,153.00344848632812
2026-01-29,257.5788879394531,67.50979614257812,66.0210952758789,60.127471923828125,20.8799991607666,44.77170944213867,98.04759979248047,430.76715087890625,435.5400390625,,690.3711547851562,189.53253173828125,58.34849166870117,145.8493194580078,48.97502136230469,116.66705322265625,53.09016799926758,152.51760864257812
2026-01-30,258.7756652832031,67.45116424560547,65.37616729736328,58.79439926147461,18.18000030517578,44.80543899536133,98.06707763671875,427.5773620605469,414.6419982910156,,688.3121337890625,188.37030029296875,58.367977142333984,144.58685302734375,49.0341796875,118.38610076904297,52.981109619140625,153.4298095703125
2026-02-02,269.2770690917969,67.38744354248047,68.54129028320312,58.97346878051758,18.190000534057617,44.814151763916016,98.09638977050781,420.70098876953125,437.5488586425781,,691.73388671875,189.39346313476562,58.29075241088867,145.28268432617188,48.945438385009766,123.27497100830078,53.566043853759766,154.37176513671875
2026-02-03,268.7485046386719,67.3972396850586,69.89068603515625,59.291812896728516,19.559999465942383,44.852882385253906,98.10616302490234,408.6176452636719,419.19940185546875,,685.885009765625,188.1815643310547,58.310306549072266,144.7458953857422,48.97502136230469,126.90187072753906,53.07033920288086,152.79522705078125
2026-02-04,275.7394104003906,67.42665100097656,70.3073959350586,58.49595260620117,19.200000762939453,44.852882385253906,98.10616302490234,411.5788879394531,379.182373046875,,682.5626831054688,187.724609375,58.310306549072266,144.2687530517578,48.935585021972656,127.19003295898438,53.49664306640625,154.70887756347656
2026-02-05,275.1610107421875,67.61288452148438,69.23582458496094,58.22734832763672,17.979999542236328,44.881919860839844,98.1354751586914,391.1882629394531,382.6703796386719,,674.0379638671875,185.2213592529297,58.584014892578125,142.51918029785156,48.98487854003906,126.13674926757812,52.8323974609375,153.52894592285156
2026-02-06,277.3650207519531,67.61288452148438,74.76239013671875,59.75938415527344,19.1200008392334,44.91096496582031,98.16478729248047,398.61114501953125,394.4635925292969,,686.96923828125,188.97625732421875,58.5546875,145.5908660888672,49.004600524902344,130.34991455078125,53.794071197509766,156.37466430664062
2026-02-09,274.13079833984375,67.63249206542969,74.41511535644531,60.19710922241211,21.280000686645508,44.930328369140625,98.17454528808594,410.99261474609375,383.2799987792969,,690.2816162109375,190.56561279296875,58.584014892578125,146.79368591308594,49.0341796875,128.20359802246094,53.4768180847168,154.99642944335938
2026-02-10,273.19244384765625,67.8187255859375,73.87932586669922,60.286643981933594,21.579999923706055,44.95936965942383,98.19409942626953,410.6646423339844,373.035888671875,,688.4613037109375,190.3272247314453,58.730648040771484,146.7042236328125,49.044044494628906,125.89826965332031,53.09016799926758,154.0148162841797
2026-02-11,275.00921630859375,67.76971435546875,70.863037109375,61.24168014526367,22.489999771118164,44.94969177246094,98.18431854248047,401.8207702636719,410.1046142578125,,688.3021850585938,190.55569458007812,58.61334228515625,147.10183715820312,48.9947395324707,127.95516204833984,52.28712463378906,154.92701721191406
2026-02-12,261.2637939453125,67.9559555053711,68.9580078125,60.5452995300293,20.15999984741211,44.96905517578125,98.20387268066406,399.3067321777344,413.7325439453125,,677.668701171875,187.7643585205078,58.85772705078125,145.0938262939453,49.044044494628906,132.79434204101562,51.24613952636719,154.67913818359375
2026-02-13,255.32435607910156,68.0833740234375,68.46190643310547,60.803955078125,21.6299991607666,45.00777816772461,98.25271606445312,398.7900085449219,411.4238586425781,,678.1461181640625,188.14181518554688,59.03368377685547,145.47157287597656,49.07362365722656,133.04275512695312,51.20648193359375,156.33499145507812
2026-02-17,263.4099426269531,68.14218139648438,70.2974853515625,60.55524826049805,20.809999465942383,45.017459869384766,98.25271606445312,394.3581237792969,399.5506591796875,,679.2402954101562,188.20143127441406,58.99457931518555,145.42185974121094,48.9947395324707,128.03465270996094,51.75176239013672,156.03753662109375
2026-02-18,263.8791198730469,68.09317779541016,70.55545806884766,60.873592376708984,21.270000457763672,45.027137756347656,98.26249694824219,397.0808410644531,420.70855712890625,,682.662109375,189.14512634277344,58.91637420654297,146.13758850097656,49.014461517333984,125.81877899169922,52.13841247558594,156.33499145507812
2026-02-19,260.11578369140625,68.14218139648438,66.91407775878906,60.724369049072266,22.3700008392334,45.00777816772461,98.29180145263672,396.8517761230469,417.110595703125,,680.8616943359375,188.62857055664062,58.94570541381836,145.80953979492188,49.044044494628906,124.07984161376953,51.70219039916992,155.928466796875
2026-02-20,264.1086730957031,68.19119262695312,68.89848327636719,62.01764678955078,22.200000762939453,45.0464973449707,98.32110595703125,395.6267395019531,427.92437744140625,,685.7855834960938,189.91993713378906,58.96525192260742,147.072021484375,49.044044494628906,122.21173858642578,52.03927230834961,155.49220275878906
2026-02-23,265.705810546875,68.29901123046875,66.35844421386719,61.331214904785156,22.760000228881836,45.05618667602539,98.32110595703125,382.9182434082031,420.7285461425781,,678.7827758789062,188.2411651611328,59.14120864868164,145.77972412109375,49.07362365722656,125.0138931274414,50.29438400268555,157.1976318359375
2026-02-24,271.6552429199219,68.29901123046875,68.69011688232422,62.296199798583984,22.940000534057617,45.065860748291016,98.34066009521484,387.429931640625,417.7702331542969,,683.7164916992188,189.5027313232422,59.10211181640625,146.823486328125,49.06376266479492,125.94794464111328,50.542236328125,156.53330993652344
2026-02-25,273.74151611328125,68.26960754394531,68.83894348144531,62.98263168334961,22.989999771118164,45.05618667602539,98.35042572021484,398.9831237792969,428.75390625,,689.4859008789062,191.0920867919922,59.06300735473633,148.0263214111328,49.09334182739258,124.95427703857422,51.42459487915039,156.49365234375
2026-02-26,272.4637756347656,68.36761474609375,70.15022277832031,62.38573455810547,23.81999969482422,45.0755500793457,98.36018371582031,400.0986022949219,415.3216247558594,,685.6561889648438,190.40667724609375,59.19009017944336,147.51934814453125,49.15250015258789,123.6326904296875,52.0491828918457,156.0871124267578
2026-02-27,263.7093811035156,68.52445220947266,65.36476135253906,62.25640869140625,24.56999969482422,45.08522033691406,98.37973022460938,391.15484619140625,412.1334533691406,,682.3637084960938,189.572265625,59.36603927612305,146.96266174316406,49.201805114746094,127.14035034179688,50.988372802734375,158.84356689453125
2026-03-02,264.2484130859375,68.24635314941406,63.92216110229492,61.18199157714844,24.25,45.04438400268555,98.38954162597656,396.9413757324219,412.43328857421875,,682.7516479492188,188.91664123535156,59.086639404296875,146.07794189453125,49.18208312988281,126.29573822021484,50.8594856262207,157.18771362304688
2026-03-03,263.2801818847656,68.13825988769531,64.27037048339844,58.117916107177734,22.43000030517578,45.024932861328125,98.40914154052734,402.2996826171875,379.46221923828125,,676.7337036132812,185.9663848876953,59.03762435913086,143.18521118164062,49.18208312988281,127.1006088256836,50.770259857177734,155.4128875732422
2026-03-04,262.0523376464844,68.08912658691406,63.50430679321289,58.744659423828125,22.81999969482422,45.00548553466797,98.43856048583984,403.5645751953125,400.5400695800781,,681.50830078125,187.56568908691406,58.93958282470703,144.39797973632812,49.1229248046875,127.00122833251953,51.057769775390625,155.7202606201172
2026-03-05,259.8263244628906,67.83363342285156,60.99716567993164,57.33200454711914,21.6299991607666,44.9763069152832,98.45816040039062,409.0224304199219,396.8222351074219,,677.7084350585938,185.84716796875,58.82194137573242,142.71800231933594,49.17222213745117,122.52971649169922,50.79009246826172,152.60684204101562
2026-03-06,257.0013427734375,67.72554779052734,58.70889663696289,57.02360534667969,21.760000228881836,44.92768859863281,98.47776794433594,407.30938720703125,370.08758544921875,,668.8256225585938,183.75119018554688,58.82194137573242,141.0877227783203,49.29054641723633,123.0166244506836,50.1357536315918,151.40708923339844
2026-03-09,259.41705322265625,67.87293243408203,60.27088928222656,58.147762298583984,21.850000381469727,44.93741226196289,98.47776794433594,407.757568359375,389.0966796875,,674.6845092773438,185.21142578125,58.91997528076172,142.3899688720703,49.27082443237305,123.55319213867188,49.89781951904297,152.95387268066406
2026-03-10,260.3653564453125,67.72554779052734,58.96757125854492,58.37657165527344,22.209999084472656,44.947139739990234,98.48757934570312,404.122314453125,402.8787536621094,,673.6002807617188,185.1220245361328,58.79253005981445,142.37008666992188,49.22152328491211,124.32826232910156,49.6301383972168,151.853271484375
2026-03-11,260.3453674316406,67.42091369628906,58.838233947753906,58.52579879760742,21.809999465942383,44.91796112060547,98.50717163085938,403.245849609375,418.4498291015625,,672.7548217773438,184.78428649902344,58.63567352294922,142.19114685058594,49.241241455078125,122.70857238769531,49.2137451171875,151.55581665039062
2026-03-12,255.30438232421875,67.1654281616211,57.64435577392578,56.655517578125,21.3799991607666,44.81098937988281,98.50717163085938,400.2380065917969,405.1174621582031,,662.5390625,181.93333435058594,58.459205627441406,139.71592712402344,49.22152328491211,124.53694152832031,48.410701751708984,148.8885955810547
2026-03-13,249.6744384765625,67.0867919921875,58.480072021484375,56.50629425048828,19.829999923706055,44.742919921875,98.51698303222656,393.9534912109375,425.8855895996094,,658.7890014648438,180.5426483154297,58.449398040771484,138.69204711914062,49.23138427734375,125.71940612792969,48.470184326171875,148.52171325683594
2026-03-16,252.36964416503906,67.3619613647461,60.52956008911133,58.078125,19.639999389648438,44.820716857910156,98.52679443359375,398.33575439453125,441.54656982421875,,665.493408203125,182.8174285888672,58.6258659362793,140.65036010742188,49.28068161010742,125.19275665283203,48.87666320800781,149.73138427734375
2026-03-17,253.77711486816406,67.49951934814453,64.49920654296875,58.44620895385742,19.399999618530273,44.89851379394531,98.54639434814453,397.7979431152344,461.4251403808594,,667.2440185546875,183.2644500732422,58.70429611206055,141.1772003173828,49.37928771972656,124.28852081298828,49.13443374633789,148.3730010986328
2026-03-18,249.49476623535156,67.21455383300781,63.48440933227539,57.262367248535156,17.889999389648438,44.801265716552734,98.54639434814453,390.20867919921875,461.46514892578125,,657.9335327148438,180.56251525878906,58.46900939941406,138.99026489257812,49.35956573486328,121.2081298828125,48.54949951171875,145.89414978027344
2026-03-19,248.5165252685547,67.28334045410156,64.67828369140625,57.322052001953125,16.889999389648438,44.801265716552734,98.55620574951172,387.4498596191406,444.01513671875,,656.3121337890625,180.15524291992188,58.449398040771484,138.7218780517578,49.29054641723633,120.32376098632812,48.5693244934082,145.36865234375
2026-03-20,247.54823303222656,66.77234649658203,63.11629104614258,55.352291107177734,16.06999969482422,44.6553955078125,98.59542083740234,380.3287048339844,422.65740966796875,,646.9034423828125,176.8175506591797,58.10627365112305,135.82931518554688,49.22152328491211,118.50957489013672,48.65855407714844,144.0994873046875
2026-03-23,251.04200744628906,67.04750061035156,64.79766845703125,57.01365661621094,16.8700008392334,44.75264358520508,98.58561706542969,381.4541931152344,404.1180419921875,,653.6959228515625,179.34068298339844,58.243526458740234,138.10110473632812,49.1229248046875,120.2022933959961,49.0980110168457,144.13433837890625
2026-03-24,251.1917266845703,66.84113311767578,66.3099136352539,56.22774124145508,17.020000457763672,44.66026306152344,98.58561706542969,371.2355651855469,395.3031311035156,,651.5015869140625,178.6552734375,58.07685852050781,137.40362548828125,49.07362365722656,121.5265884399414,49.107975006103516,144.15423583984375
2026-03-25,252.16998291015625,67.13594818115234,67.64307403564453,57.123085021972656,17.739999771118164,44.742919921875,98.59542083740234,369.5424499511719,381.8708190917969,,655.1322021484375,179.9863739013672,58.26313018798828,138.66905212402344,49.08348083496094,122.5322494506836,49.16776657104492,145.59788513183594
2026-03-26,252.43951416015625,66.7330551147461,66.51884460449219,55.18317413330078,16.90999984741211,44.567874908447266,98.54639434814453,364.4928894042969,355.256103515625,,643.432373046875,176.85728454589844,57.929813385009766,135.94888305664062,49.0341796875,121.6560287475586,48.87877655029297,145.10008239746094
2026-03-27,248.35679626464844,66.6740951538086,64.49920654296875,54.91456985473633,17.739999771118164,44.58732223510742,98.56600189208984,355.3300476074219,357.0151062011719,,632.4606323242188,174.25469970703125,58.008235931396484,134.1354217529297,49.10320281982422,122.36298370361328,47.64310836791992,142.63095092773438
2026-03-30,246.19065856933594,66.92958068847656,62.86756896972656,54.466896057128906,17.5,44.67484664916992,98.58561706542969,357.5111999511719,321.75048828125,,630.3460693359375,173.77789306640625,58.26313018798828,133.7069854736328,49.241241455078125,122.9703598022461,48.19118881225586,143.18850708007812
2026-03-31,253.337890625,67.1654281616211,66.14078521728516,56.49634552001953,18.81999969482422,44.801265716552734,98.59542083740234,368.67596435546875,337.7880554199219,,648.6688842773438,178.8241424560547,58.380775451660156,137.82212829589844,49.25110626220703,123.74702453613281,49.197662353515625,145.96624755859375
2026-04-01,255.17462158203125,67.25016784667969,67.25506591796875,56.9340705871582,19.68000030517578,44.84621047973633,98.64459228515625,367.8791809082031,367.7934265136719,,653.5562744140625,180.6022491455078,58.337501525878906,139.1871795654297,49.19487380981445,124.20504760742188,49.267417907714844,147.08132934570312
2026-04-02,255.464111328125,67.27972412109375,66.41935729980469,56.29737854003906,19.09000015258789,44.85597610473633,98.73313903808594,371.9526672363281,366.18365478515625,,654.144775390625,180.51284790039062,58.41618728637695,138.8683319091797,49.31325149536133,125.25054931640625,49.35710144042969,146.16537475585938
2026-04-06,258.3988342285156,67.18118286132812,66.43924713134766,56.814693450927734,18.969999313354492,44.86574935913086,98.74296569824219,371.3750305175781,377.701904296875,,657.23681640625,181.3075408935547,58.3079948425293,139.56582641601562,49.31325149536133,126.24625396728516,49.70588302612305,145.6376953125
2026-04-07,253.0484161376953,67.24031829833984,65.2851791381836,57.01365661621094,19.31999969482422,44.885292053222656,98.75279998779297,370.78741455078125,377.52191162109375,,657.5260009765625,181.2578582763672,58.41618728637695,139.6256103515625,49.3724365234375,121.9646987915039,49.70588302612305,145.9264373779297
2026-04-08,258.43878173828125,67.57537841796875,67.73261260986328,60.127471923828125,19.670000076293945,45.010353088378906,98.75279998779297,372.8191223144531,406.6674499511719,,674.27294921875,186.41339111328125,58.51455307006836,144.05958557128906,49.323116302490234,126.71424865722656,51.02127456665039,149.0128173828125
2026-04-09,260.02593994140625,67.47683715820312,67.48389434814453,59.968299865722656,19.780000686645508,45.0318489074707,98.76264190673828,371.5642395019531,421.4451904296875,,678.162841796875,187.10873413085938,58.52437973022461,144.42825317382812,49.35270690917969,128.5762176513672,51.150821685791016,148.67431640625
2026-04-10,260.0159912109375,67.32901763916016,67.47394561767578,60.24685287475586,20.020000457763672,45.012306213378906,98.79215240478516,369.37310791015625,420.52532958984375,,677.7140502929688,187.12860107421875,58.45553207397461,144.4581298828125,49.3724365234375,126.2263412475586,50.5927734375,146.66317749023438
2026-04-13,258.73828125,67.44727325439453,66.70787811279297,60.754215240478516,20.200000762939453,45.07093048095703,98.81182098388672,382.8186340332031,426.4944152832031,,684.3369750976562,188.72792053222656,58.553890228271484,145.87301635742188,49.45135498046875,124.03577423095703,51.47966766357422,147.32028198242188
2026-04-14,258.368896484375,67.63451385498047,71.33414459228516,61.91816711425781,20.6200008392334,45.14909362792969,98.81182098388672,391.5233459472656,465.5884094238281,,692.675537109375,190.72454833984375,58.681758880615234,147.55694580078125,49.48094940185547,124.51372528076172,51.599246978759766,148.17649841308594
2026-04-15,265.95538330078125,67.52611541748047,71.62266540527344,61.87837219238281,19.459999084472656,45.13932418823242,98.8511734008789,409.5602722167969,456.15985107421875,,698.1414184570312,192.04571533203125,58.61290740966797,148.0850372314453,49.461219787597656,124.22496795654297,51.987884521484375,147.12115478515625
2026-04-16,262.9307556152344,67.45712280273438,69.53338623046875,62.127079010009766,18.899999618530273,45.11001205444336,98.86101531982422,418.56378173828125,457.1596984863281,,699.8569946289062,192.09539794921875,58.553890228271484,148.25442504882812,49.47108459472656,124.28470611572266,51.84837341308594,145.96624755859375
2026-04-17,269.7486267089844,67.75276947021484,71.35404205322266,63.3109245300293,19.25,45.19794464111328,98.90036010742188,421.0835876464844,455.0000305175781,,708.3152465820312,194.4893798828125,58.780120849609375,150.2970428466797,49.48094940185547,126.95321655273438,52.246978759765625,148.14663696289062
2026-04-20,272.5635681152344,67.70350646972656,70.84664916992188,62.85330581665039,18.510000228881836,45.19794464111328,98.91019439697266,416.38262939453125,448.3510437011719,,706.8988037109375,194.2112274169922,58.74077606201172,149.93833923339844,49.50067901611328,127.37140655517578,52.44628143310547,146.77268981933594
2026-04-21,265.69586181640625,67.47683715820312,69.8616943359375,61.9281120300293,16.829999923706055,45.12955093383789,98.92003631591797,422.4480285644531,449.3109130859375,,702.2708129882812,191.9960479736328,58.5440559387207,148.2245330810547,49.461219787597656,129.04421997070312,52.117431640625,145.27928161621094
2026-04-22,272.68341064453125,67.5556869506836,68.0609359741211,63.052268981933594,17.329999923706055,45.14909362792969,98.92987823486328,431.1726989746094,487.4050598144531,,709.3825073242188,193.62515258789062,58.58340072631836,149.55972290039062,49.49081039428711,129.4225616455078,52.027748107910156,145.7372589111328
2026-04-23,272.9429016113281,67.43742370605469,68.0211410522461,62.02759552001953,17.110000610351562,45.11001205444336,98.97905731201172,414.0719909667969,481.64593505859375,,706.6295776367188,192.532470703125,58.50471496582031,148.61312866210938,49.55986785888672,131.46377563476562,51.619178771972656,145.59788513183594
2026-04-24,270.5771179199219,67.54582214355469,68.10072326660156,63.41040802001953,17.229999542236328,45.15886688232422,98.99872589111328,422.90618896484375,496.64361572265625,,712.10546875,193.97283935546875,58.60307312011719,149.79884338378906,49.658512115478516,129.3628387451172,51.24050521850586,143.5469207763672
2026-04-27,267.1332702636719,67.43742370605469,67.85200500488281,63.3109245300293,17.1200008392334,45.15886688232422,99.01840209960938,423.1053771972656,524.4793090820312,,713.332275390625,194.15164184570312,58.534217834472656,149.7789306640625,49.69797134399414,127.04281616210938,51.629146575927734,142.83009338378906
2026-04-28,270.2277526855469,67.34871673583984,66.87700653076172,62.66428756713867,16.489999771118164,45.12955093383789,99.03807067871094,427.5174865722656,504.21246337890625,,709.8612060546875,193.13841247558594,58.465370178222656,148.92202758789062,49.688106536865234,127.04281616210938,51.669002532958984,143.20840454101562
2026-04-29,269.688720703125,67.13191986083984,65.93184661865234,62.36583709716797,16.360000610351562,45.0318489074707,99.06758117675781,422.746826171875,518.3803100585938,,709.7515258789062,192.58212280273438,58.258811950683594,148.4038848876953,49.6387825012207,127.46102142333984,51.7387580871582,142.21279907226562
2026-04-30,270.86663818359375,67.25016784667969,67.64307403564453,63.65911865234375,16.8700008392334,45.0806999206543,99.04791259765625,406.1341552734375,517.0804443359375,,716.8132934570312,195.2443389892578,58.31782531738281,150.65574645996094,49.67824172973633,131.3642120361328,51.948028564453125,145.34898376464844
2026-05-01,279.6409606933594,67.35295867919922,68.6280288696289,63.79838943481445,16.59000015258789,45.14645767211914,99.10712432861328,412.76727294921875,542.1266479492188,,718.7982177734375,195.4529266357422,58.37406921386719,150.8948974609375,49.74729537963867,131.03562927246094,51.7387580871582,144.5226287841797
2026-05-04,276.33685302734375,67.16517639160156,68.15047454833984,63.7685432434082,16.309999465942383,45.08757019042969,99.11700439453125,411.9505615234375,576.3613891601562,,716.1649780273438,194.2609100341797,58.22605895996094,150.01805114746094,49.74729537963867,129.77108764648438,51.39994812011719,144.09449768066406
2026-05-05,283.67376708984375,67.26399993896484,70.49842834472656,65.06182861328125,16.309999465942383,45.11701202392578,99.13672637939453,409.7196044921875,640.1015625,,721.9102172851562,195.7211456298828,58.25566482543945,151.5724334716797,49.67824172973633,130.22909545898438,51.409912109375,144.66200256347656
2026-05-06,286.9978332519531,67.56050109863281,72.96577453613281,67.1410140991211,18.5,45.205345153808594,99.12686157226562,412.2891845703125,666.487548828125,,731.9443359375,199.29722595214844,58.472740173339844,154.50186157226562,49.64864730834961,129.52215576171875,51.65903854370117,144.7615509033203
2026-05-07,286.9279479980469,67.4122543334961,72.73695373535156,66.24566650390625,18.34000015258789,45.175899505615234,99.1466064453125,419.07171630859375,646.5305786132812,,729.7001342773438,197.79725646972656,58.36420440673828,153.16668701171875,49.609188079833984,129.64163208007812,51.370052337646484,144.0845489501953
2026-05-08,292.7974853515625,67.56050109863281,72.9558334350586,67.58869171142578,18.700000762939453,45.21515655517578,99.17621612548828,413.44451904296875,746.6951293945312,,735.724609375,199.30715942382812,58.4530029296875,154.6214141845703,49.71770095825195,130.1184844970703,51.061134338378906,142.85995483398438
2026-05-11,292.42779541015625,67.36283874511719,70.8366928100586,67.53894805908203,18.989999771118164,45.16608428955078,99.18607330322266,410.99444580078125,795.2077026367188,,737.4002685546875,199.5455780029297,58.32473373413086,154.76092529296875,49.75715637207031,127.28527069091797,51.0013427734375,142.41192626953125
2026-05-12,294.54595947265625,67.16517639160156,70.34919738769531,65.47965240478516,19.040000915527344,45.11701202392578,99.21569061279297,406.1241760253906,766.462158203125,,736.2831420898438,199.23764038085938,58.18659210205078,153.79441833496094,49.776885986328125,130.0386962890625,51.39994812011719,145.2095947265625
2026-05-13,298.6124572753906,67.23435974121094,70.68746185302734,66.86246490478516,18.790000915527344,45.13664245605469,99.21569061279297,403.57452392578125,803.5064086914062,,740.4025268554688,200.29058837890625,58.19646453857422,154.8406219482422,49.776885986328125,131.156005859375,50.812007904052734,146.06581115722656
2026-05-14,297.9530334472656,67.26399993896484,71.37377166748047,67.03158569335938,18.469999313354492,45.126827239990234,99.24529266357422,407.7774658203125,775.8906860351562,,746.2474975585938,201.39321899414062,58.13725662231445,155.45840454101562,49.72756576538086,132.14364624023438,51.1109619140625,145.9861602783203
2026-05-15,299.9713134765625,66.79950714111328,70.05702209472656,64.73352813720703,16.979999542236328,45.009056091308594,99.25516510009766,420.2170715332031,724.5485229492188,,737.2706298828125,198.59194946289062,57.841243743896484,152.9674072265625,49.69797134399414,131.1360626220703,50.92162322998047,144.462890625
2026-05-18,297.5833435058594,66.86869049072266,70.0669937133789,64.63404846191406,16.979999542236328,45.018863677978516,99.2650375366211,421.83056640625,681.4351806640625,,736.751953125,198.9197540283203,57.841243743896484,153.15672302246094,49.688106536865234,133.02154541015625,51.559391021728516,145.0801544189453
2026-05-19,298.7123718261719,66.68091583251953,67.59310913085938,63.9277229309082,16.18000030517578,44.94525909423828,99.24529266357422,415.7352600097656,698.632568359375,,731.8446044921875,197.64825439453125,57.68336868286133,152.0806121826172,49.61905288696289,133.87948608398438,50.92162322998047,146.6731414794922
2026-05-20,301.98956298828125,67.06635284423828,73.93743896484375,65.12151336669922,16.6200008392334,45.04831314086914,99.27489471435547,419.36053466796875,731.87744140625,,739.3452758789062,200.15151977539062,57.93991470336914,154.0734100341797,49.609188079833984,130.53749084472656,51.47966766357422,146.48397827148438
2026-05-21,304.7271728515625,67.17506408691406,75.46366882324219,65.68856811523438,16.780000686645508,45.077754974365234,99.31437683105469,418.3025207519531,761.9827880859375,,740.8114624023438,200.72767639160156,57.96951675415039,154.6513214111328,49.58945846557617,121.05020141601562,51.54942321777344,147.49948120117188
2026-05-22,308.55389404296875,67.26399993896484,75.95246124267578,65.53933715820312,16.520000457763672,45.05812072753906,99.36371612548828,417.7835388183594,750.884521484375,,743.7239990234375,201.1945343017578,57.94978332519531,155.01002502441406,49.540138244628906,119.98275756835938,51.758689880371094,149.23184204101562
2026-05-26,308.0643005371094,67.4517822265625,79.1944580078125,68.04631042480469,17.299999237060547,45.14645767211914,99.343994140625,415.248291015625,895.7422485351562,,748.6613159179688,202.64483642578125,58.14712142944336,156.81350708007812,49.61905288696289,118.28681945800781,51.669002532958984,147.85791015625
2026-05-27,310.5821533203125,67.50120544433594,81.59852600097656,68.03636169433594,16.579999923706055,45.156272888183594,99.38346862792969,411.8946228027344,928.2672119140625,,748.5316162109375,202.55543518066406,58.1668586730957,156.59429931640625,49.658512115478516,118.25688934326172,51.24050521850586,148.1366729736328
2026-05-28,312.24072265625,67.60003662109375,82.28681945800781,68.2552261352539,17.360000610351562,45.25932693481445,99.40320587158203,426.18768310546875,923.3779907226562,,752.6609497070312,203.4395294189453,58.24579620361328,157.30174255371094,49.71770095825195,118.61603546142578,51.09103012084961,150.21751403808594
2026-05-29,311.7911071777344,67.65933227539062,82.27684783935547,68.24527740478516,17.8799991607666,45.30348587036133,99.40320587158203,449.3940124511719,970.8507080078125,,754.5361328125,203.5686492919922,58.304996490478516,157.55084228515625,49.74729537963867,115.47355651855469,51.39994812011719,148.81369018554688
2026-06-01,306.0460510253906,67.57707214355469,81.26934051513672,69.7176284790039,17.3700008392334,45.29362869262695,99.44776153564453,459.6546936035156,1035.3408203125,,756.5908203125,203.9958038330078,58.21986389160156,158.0291290283203,49.75715637207031,114.32630157470703,51.25047302246094,147.1908416748047
2026-06-02,314.92840576171875,67.64644622802734,79.82290649414062,70.43390655517578,17.489999771118164,45.3133430480957,99.47745513916016,440.48077392578125,1063.936279296875,,757.6182250976562,204.8103485107422,58.23966598510742,158.77642822265625,49.767024993896484,112.78997802734375,51.280364990234375,145.75717163085938
2026-06-03,309.9926452636719,67.4680404663086,78.5859603881836,69.5584487915039,16.829999923706055,45.25419235229492,99.47745513916016,426.53704833984375,1079.4039306640625,,752.3018798828125,203.29051208496094,58.130767822265625,157.38145446777344,49.767024993896484,116.61083221435547,50.69242477416992,146.90213012695312
2026-06-04,310.9618225097656,67.54733276367188,79.31416320800781,68.74269104003906,17.190000534057617,45.29362869262695,99.50716400146484,427.2456970214844,995.8468627929688,,755.1445922851562,204.30374145507812,58.209964752197266,157.96932983398438,49.72756576538086,117.45880126953125,52.007816314697266,151.4122314453125
2026-06-05,307.0751647949219,67.34909057617188,79.22438049316406,64.25601196289062,15.420000076293945,45.204891204833984,99.5170669555664,415.8870849609375,863.8771362304688,,735.65478515625,199.04888916015625,57.972373962402344,153.12681579589844,49.6289176940918,118.59607696533203,52.117431640625,152.33815002441406
2026-06-08,301.2801818847656,67.28963470458984,78.01736450195312,65.4100112915039,15.600000381469727,45.195037841796875,99.52696228027344,410.9663391113281,949.134033203125,,737.3204345703125,199.71444702148438,57.94267272949219,153.92393493652344,49.6289176940918,119.54381561279297,51.7885856628418,151.97972106933594
2026-06-09,290.29962158203125,67.37883758544922,80.9700698852539,65.47965240478516,15.4399995803833,45.224609375,99.54676818847656,402.6520080566406,935.74609375,,735.1560668945312,199.04888916015625,58.05156707763672,153.74459838867188,49.6387825012207,118.59607696533203,52.27687454223633,153.8913116455078
2026-06-10,291.3287353515625,67.29954528808594,76.28165435791016,64.32565307617188,14.84000015258789,45.224609375,99.55667877197266,396.61334228515625,891.7428588867188,,723.56591796875,196.12841796875,58.002071380615234,151.37315368652344,49.6289176940918,120.30199432373047,52.04767608642578,152.17886352539062
2026-06-11,295.375244140625,67.67618560791016,81.62844848632812,67.15096282958984,16.139999389648438,45.342926025390625,99.56657409667969,389.6065673828125,995.7168579101562,,735.8642578125,200.201171875,58.2990608215332,155.0498809814453,49.688106536865234,120.21221160888672,52.436317443847656,153.4134063720703
2026-06-12,290.879150390625,67.69600677490234,82.85541534423828,67.52899932861328,16.649999618530273,45.352783203125,99.6061782836914,390.00579833984375,981.4590454101562,160.9499969482422,739.843994140625,200.97601318359375,58.229759216308594,155.7274169921875,49.66837692260742,120.75092315673828,53.153804779052734,153.13462829589844
2026-06-15,296.1645812988281,67.73564910888672,83.86293029785156,69.75,17.93000030517578,45.40208053588867,99.6061782836914,399.0088806152344,1087.8226318359375,192.5,752.890380859375,203.6300048828125,58.289161682128906,158.148681640625,49.69797134399414,120.53144836425781,53.3730354309082,152.2186737060547
2026-06-16,298.9821472167969,67.84467315673828,82.93521881103516,68.63999938964844,18.09000015258789,45.43165588378906,99.6259765625,393.0899963378906,1020.60302734375,211.38999938964844,748.4019775390625,203.10000610351562,58.388160705566406,157.4213104248047,49.64864730834961,120.7409439086914,54.1602783203125,152.26846313476562
2026-06-17,295.6949768066406,67.69600677490234,82.04741668701172,68.55999755859375,17.579999923706055,45.30348587036133,99.65568542480469,378.1980285644531,1043.029541015625,191.82000732421875,739.0560302734375,200.99000549316406,58.09116744995117,155.8470001220703,49.42176055908203,117.84786987304688,53.861324310302734,150.04824829101562
2026-06-18,297.7532043457031,67.80503845214844,83.97266387939453,70.79000091552734,16.8799991607666,45.30348587036133,99.7249984741211,378.6871032714844,1133.8155517578125,185.0,746.739990234375,202.72999572753906,58.24956512451172,157.66000366210938,49.51054000854492,116.90013885498047,53.382999420166016,148.74398803710938
2026-06-22,296.75408935546875,67.67618560791016,85.7083740234375,71.20999908447266,16.90999984741211,45.27390670776367,99.6952896118164,366.6497802734375,1211.1937255859375,154.60000610351562,744.3900146484375,202.3699951171875,58.10106658935547,157.55999755859375,49.42176055908203,116.90013885498047,53.70000076293945,150.05999755859375
2026-06-23,294.04638671875,67.78520965576172,86.50640869140625,67.16999816894531,16.18000030517578,45.28376770019531,99.70519256591797,373.23736572265625,1051.6082763671875,156.11000061035156,733.5800170898438,199.42999267578125,58.17036819458008,154.3300018310547,49.43162536621094,119.1347885131836,53.880001068115234,152.17999267578125
2026-06-24,292.8274230957031,68.02308654785156,90.42672729492188,67.25,15.229999542236328,45.352783203125,99.715087890625,364.7733154296875,1048.3487548828125,154.5399932861328,733.239990234375,199.0,58.407955169677734,154.25999450683594,49.441490173339844,118.71578979492188,53.720001220703125,153.35000610351562
2026-06-25,274.91290283203125,68.04290771484375,91.88313293457031,67.95999908447266,15.829999923706055,45.40208053588867,99.74478912353516,352.1670227050781,1213.3734130859375,153.0,734.2999877929688,199.2899932861328,58.45745086669922,154.85000610351562,49.520408630371094,115.50347900390625,53.45000076293945,155.6300048828125
2026-06-26,283.53546142578125,68.07263946533203,92.34199523925781,67.19000244140625,15.869999885559082,45.42179870605469,99.76460266113281,372.2691955566406,1132.1558837890625,153.22999572753906,728.989990234375,197.36000061035156,58.566349029541016,153.9499969482422,49.55986785888672,115.41370391845703,53.56999969482422,160.33999633789062
2026-06-29,281.4972229003906,68.11228942871094,92.94051361083984,67.43000030517578,15.9399995803833,45.45137405395508,99.77449798583984,367.8774719238281,1145.1038818359375,164.19000244140625,741.0,201.24000549316406,58.57625198364258,155.8300018310547,49.609188079833984,114.32630157470703,53.720001220703125,160.74000549316406
2026-06-30,289.11065673828125,67.92396545410156,93.42931365966797,68.41000366210938,15.84000015258789,45.40208053588867,99.81410217285156,372.319091796875,1154.112548828125,170.86000061035156,746.77001953125,202.63999938964844,58.388160705566406,156.9499969482422,49.54999923706055,112.989501953125,53.61000061035156,158.66000366210938
2026-07-01,294.1263427734375,67.80867004394531,92.8307876586914,66.4800033569336,15.770000457763672,45.408023834228516,99.81807708740234,383.5579528808594,1032.121337890625,157.5399932861328,745.760009765625,202.0800018310547,58.296791076660156,156.1199951171875,49.52000045776367,108.56010437011719,54.779998779296875,159.5399932861328
2026-07-02,308.3640441894531,67.78878784179688,92.52155303955078,65.69999694824219,16.559999465942383,45.457550048828125,99.86773681640625,389.7562561035156,975.4099731445312,162.0,744.780029296875,202.64999389648438,58.39610290527344,156.1699981689453,49.58000183105469,111.57289123535156,55.619998931884766,163.74000549316406
2026-07-06,312.3905944824219,67.81861114501953,91.45418548583984,67.56999969482422,16.559999465942383,45.487266540527344,99.86773681640625,386.0133056640625,984.75,160.4199981689453,751.280029296875,204.44000244140625,58.406036376953125,157.80999755859375,49.650001525878906,110.38573455810547,56.13999938964844,161.9600067138672
2026-07-07,310.3923034667969,67.54029083251953,88.41169738769531,65.72000122070312,15.880000114440918,45.42783737182617,99.86773681640625,388.109375,938.3800048828125,149.47000122070312,747.7100219726562,203.1300048828125,58.2074089050293,156.33999633789062,49.63999938964844,111.27361297607422,56.04999923706055,164.44000244140625
2026-07-08,313.1199645996094,67.35144805908203,87.07500457763672,66.2300033569336,15.029999732971191,45.41792678833008,99.86773681640625,382.6197204589844,948.7999877929688,148.3000030517578,745.4000244140625,202.2899932861328,58.11802673339844,155.80999755859375,49.650001525878906,112.82987976074219,54.970001220703125,162.3000030517578
2026-07-09,315.947509765625,67.52041625976562,89.0,66.77999877929688,15.470000267028809,45.43773651123047,99.86773681640625,383.6377868652344,991.6400146484375,152.16000366210938,751.7100219726562,203.72999572753906,58.2074089050293,157.0,49.65999984741211,111.94200897216797,55.540000915527344,162.1699981689453
2026-07-10,315.0483093261719,67.53035736083984,87.38999938964844,66.9000015258789,15.319999694824219,45.43773651123047,99.89753723144531,384.37640380859375,979.2999877929688,145.3000030517578,754.9500122070312,204.6300048828125,58.157752990722656,157.6300048828125,49.63999938964844,113.62797546386719,55.709999084472656,160.83999633789062
2026-07-13,317.03656005859375,67.29180145263672,86.19000244140625,64.5,14.819999694824219,45.33868408203125,99.86773681640625,390.2553405761719,937.0,139.13999938964844,749.1699829101562,203.00999450683594,57.99885177612305,155.80999755859375,49.61000061035156,114.50586700439453,56.06999969482422,161.41000366210938
2026-07-14,314.58868408203125,67.43095397949219,85.51000213623047,65.66999816894531,14.989999771118164,45.42783737182617,99.88760375976562,384.20672607421875,983.1199951171875,136.0800018310547,751.8300170898438,203.97999572753906,58.147823333740234,156.77999877929688,49.61000061035156,113.4284439086914,56.18000030517578,158.2899932861328
2026-07-15,327.2178039550781,67.54029083251953,85.95999908447266,65.56999969482422,14.989999771118164,45.49717330932617,99.91739654541016,394.8866271972656,904.280029296875,135.27000427246094,754.8099975585938,204.75,58.26699447631836,157.2899932861328,49.630001068115234,112.26124572753906,56.560001373291016,158.2899932861328
2026-07-16,332.97283935546875,67.4906005859375,86.69999694824219,64.19000244140625,14.199999809265137,45.49717330932617,99.93727111816406,400.3463439941406,853.2000122070312,131.11000061035156,750.719970703125,203.5800018310547,58.247135162353516,156.1300048828125,49.630001068115234,114.67546081542969,56.75,161.8000030517578
2026-07-17,333.452392578125,67.47071838378906,84.16999816894531,63.290000915527344,14.140000343322754,45.487266540527344,99.96707153320312,393.08001708984375,848.9500122070312,123.98999786376953,743.2899780273438,201.89999389648438,58.27692794799805,154.77999877929688,49.70000076293945,113.96715545654297,56.2599983215332,161.08999633789062
2026-07-20,326.3085632324219,67.35144805908203,84.54000091552734,63.560001373291016,13.960000038146973,45.46746063232422,99.97700500488281,401.53411865234375,865.4600219726562,119.8499984741211,742.0900268554688,201.10000610351562,58.157752990722656,154.2899932861328,49.66999816894531,111.9320297241211,56.040000915527344,159.25
2026-07-21,327.45758056640625,67.2520523071289,84.62999725341797,65.33999633789062,14.960000038146973,45.42783737182617,100.00679779052734,397.00262451171875,970.8200073242188,123.54000091552734,748.280029296875,203.1300048828125,58.03857421875,156.13999938964844,49.630001068115234,110.12635803222656,56.11000061035156,160.25
2026-07-22,325.60919189453125,67.1924057006836,83.5199966430664,64.98999786376953,15.149999618530273,45.39217758178711,99.9869384765625,389.6065673828125,959.47998046875,115.26000213623047,747.4099731445312,203.10000610351562,57.939266204833984,156.02000427246094,49.619998931884766,109.06888580322266,56.04999923706055,159.42999267578125
2026-07-23,321.3828430175781,67.05325317382812,81.97000122070312,64.5999984741211,14.729999542236328,45.328773498535156,99.96707153320312,380.8630065917969,990.2100219726562,118.23999786376953,738.1799926757812,200.61000061035156,57.83001708984375,154.30999755859375,49.56999969482422,108.14111328125,55.83000183105469,161.44000244140625
2026-07-24,332.7330322265625,67.16259002685547,85.05999755859375,63.33000183105469,14.65999984741211,45.35849380493164,100.00679779052734,380.9828186035156,920.9500122070312,115.06999969482422,738.9299926757812,200.8800048828125,57.91939926147461,154.1999969482422,49.59000015258789,109.20855712890625,56.310001373291016,162.57000732421875
2026-07-27,336.61968994140625,67.30174255371094,86.66999816894531,63.619998931884766,14.710000038146973,45.38821029663086,100.0365982055664,388.368896484375,900.2000122070312,113.5,739.0900268554688,201.25999450683594,57.99885177612305,154.4499969482422,49.52000045776367,111.47312927246094,56.880001068115234,163.39999389648438
2026-07-28,339.78692626953125,67.41107940673828,89.37000274658203,62.36000061035156,14.260000228881836,45.42783737182617,100.05647277832031,392.61090087890625,820.530029296875,116.41000366210938,740.8599853515625,201.8000030517578,58.13788986206055,154.35000610351562,49.56999969482422,112.82987976074219,57.599998474121094,167.25999450683594
2026-07-29,337.8985900878906,67.17253112792969,86.25,61.06999969482422,13.930000305175781,45.408023834228516,100.07633972167969,389.8061828613281,739.0,112.55000305175781,729.4600219726562,199.17999267578125,58.02864456176758,152.22000122070312,49.68000030517578,113.94721221923828,56.68000030517578,166.24000549316406
2026-07-30,333.1426696777344,67.24211120605469,88.58999633789062,63.59000015258789,14.5600004196167,45.44764709472656,100.10613250732422,450.2524108886719,874.6599731445312,112.19999694824219,741.6900024414062,202.97999572753906,58.04850769042969,155.4499969482422,49.65999984741211,110.83465576171875,57.0,163.52000427246094
2026-07-31,308.6438293457031,67.05325317382812,87.44000244140625,64.08999633789062,14.1899995803833,45.408023834228516,100.1160659790039,463.8468017578125,823.030029296875,108.37000274658203,747.030029296875,203.3699951171875,57.94919204711914,155.86000061035156,49.65999984741211,110.93441772460938,56.939998626708984,162.5500030517578
2026-08-03,303.1585693359375,67.30348205566406,91.58999633789062,64.31999969482422,14.75,45.472713470458984,100.13600158691406,486.73370361328125,829.5,114.52999877929688,757.6699829101562,205.85000610351562,58.04385757446289,157.61000061035156,49.630001068115234,110.44558715820312,57.380001068115234,162.24000549316406
2026-08-04,309.1134033203125,67.52281188964844,92.7699966430664,66.0,14.800000190734863,45.57223892211914,100.15592956542969,491.884033203125,892.6699829101562,125.33000183105469,771.3300170898438,209.24000549316406,58.22322082519531,160.4499969482422,49.650001525878906,111.28358459472656,57.880001068115234,162.10000610351562
2026-08-05,310.7320251464844,67.55271911621094,93.13999938964844,65.72000122070312,15.890000343322754,45.6120491027832,100.20576477050781,486.5440673828125,893.1900024414062,108.2699966430664,769.7899780273438,209.14999389648438,58.25311279296875,160.1699981689453,49.650001525878906,112.07169342041016,58.0,164.16000366210938
2026-08-06,312.14080810546875,67.38323211669922,91.9800033569336,65.0199966430664,16.030000686645508,45.54237747192383,100.22570037841797,498.9207458496094,881.469970703125,114.91999816894531,768.5599975585938,208.6300048828125,58.1036491394043,159.9199981689453,49.630001068115234,111.8023452758789,57.810001373291016,164.4499969482422
2026-08-07,313.05999755859375,67.4829330444336,91.33999633789062,65.63999938964844,18.31999969482422,45.62200164794922,100.24563598632812,499.0505065917969,877.5700073242188,133.11000061035156,773.260009765625,210.47000122070312,58.2132568359375,161.3000030517578,49.66999816894531,111.58287048339844,57.599998474121094,165.67999267578125
2026-08-10,308.260009765625,67.26360321044922,89.20999908447266,65.16999816894531,18.43000030517578,45.55233383178711,100.24563598632812,505.109130859375,861.0,138.74000549316406,773.030029296875,210.11000061035156,58.0538215637207,160.97000122070312,49.68000030517578,112.39093780517578,57.810001373291016,168.44000244140625
2026-08-11,304.9100036621094,67.31344604492188,90.41000366210938,65.43000030517578,18.15999984741211,45.58218765258789,100.2555923461914,502.86334228515625,868.52001953125,133.2899932861328,770.5599975585938,209.69000244140625,58.1036491394043,160.82000732421875,49.66999816894531,112.989501953125,57.79999923706055,168.00999450683594
2026-08-12,302.25,67.33338928222656,89.93000030517578,66.45999908447266,18.06999969482422,45.60209274291992,100.2755355834961,491.5047302246094,911.2899780273438,146.14999389648438,772.489990234375,210.3800048828125,58.15346908569336,161.52999877929688,49.65999984741211,115.7329330444336,57.91999816894531,168.44000244140625
2026-08-13,305.260009765625,67.4928970336914,91.30999755859375,66.68000030517578,17.75,45.66181182861328,100.2854995727539,495.9463806152344,949.8300170898438,141.2899932861328,777.8800048828125,211.50999450683594,58.32286834716797,162.38999938964844,49.709999084472656,115.4436264038086,58.2599983215332,168.3800048828125
2026-08-14,305.92999267578125,67.30348205566406,89.3499984741211,66.61000061035156,18.299999237060547,45.67176055908203,100.33533477783203,494.4691467285156,971.6599731445312,140.0,776.3400268554688,211.2100067138672,58.22322082519531,162.25,49.709999084472656,114.99469757080078,58.15999984741211,167.3699951171875
2026-08-17,305.5899963378906,67.16390991210938,87.58999633789062,67.31999969482422,19.049999237060547,45.65185546875,100.32537078857422,479.44744873046875,1011.75,146.22999572753906,772.6699829101562,210.42999267578125,58.17340087890625,161.8300018310547,49.70000076293945,114.05694580078125,57.58000183105469,167.0500030517578
2026-08-18,310.0299987792969,67.16390991210938,85.69999694824219,65.33999633789062,18.190000534057617,45.66181182861328,100.34529876708984,480.72503662109375,940.760009765625,143.33999633789062,767.4500122070312,208.74000549316406,58.193328857421875,160.05999755859375,49.7599983215332,114.92486572265625,57.84000015258789,169.72999572753906
2026-08-19,316.8299865722656,67.4330825805664,83.29000091552734,66.11000061035156,19.719999313354492,45.68171691894531,100.35527038574219,483.3999938964844,937.1099853515625,139.64999389648438,769.0599975585938,209.22000122070312,58.33283233642578,160.6999969482422,49.779998779296875,114.02702331542969,57.47999954223633,175.67999267578125
2026-08-20,311.29998779296875,67.27357482910156,81.05999755859375,66.62000274658203,20.5,45.63195037841797,100.35527038574219,481.1499938964844,974.3300170898438,134.0,762.5999755859375,207.8300018310547,58.1833610534668,159.92999267578125,49.849998474121094,103.59199523925781,56.95000076293945,172.38999938964844
2026-08-21,309.3500061035156,67.18384552001953,82.41000366210938,67.12000274658203,21.139999389648438,45.63195037841797,100.39513397216797,483.239990234375,966.780029296875,136.97000122070312,765.719970703125,209.07000732421875,58.113609313964844,160.77000427246094,49.790000915527344,103.69999694824219,57.47999954223633,174.6199951171875
2026-08-24,310.3399963378906,67.29351043701172,82.4800033569336,66.11000061035156,21.799999237060547,45.66181182861328,100.38516998291016,487.30999755859375,910.4299926757812,135.0,763.469970703125,208.47999572753906,58.16343307495117,160.10000610351562,49.779998779296875,106.48999786376953,58.220001220703125,174.6999969482422
2026-08-25,309.8999938964844,67.59259796142578,83.62000274658203,67.25,22.170000076293945,45.74142837524414,100.42503356933594,491.7099914550781,932.969970703125,137.9499969482422,765.9099731445312,209.3300018310547,58.38265609741211,160.99000549316406,49.83000183105469,105.37999725341797,58.310001373291016,175.2899932861328
2026-08-26,313.45001220703125,67.47296142578125,83.08000183105469,67.16999816894531,21.540000915527344,45.711570739746094,100.42503356933594,496.3699951171875,938.4000244140625,139.6300048828125,766.0800170898438,208.9600067138672,58.292972564697266,160.8699951171875,49.810001373291016,104.33999633789062,58.2599983215332,173.5399932861328
2026-08-27,314.5799865722656,67.3433609008789,81.13999938964844,67.61000061035156,21.540000915527344,45.69166564941406,100.43499755859375,505.05999755859375,935.3900146484375,140.8699951171875,771.0999755859375,209.92999267578125,58.25311279296875,161.57000732421875,49.790000915527344,102.62999725341797,57.880001068115234,171.5800018310547
2026-08-28,319.70001220703125,67.20378875732422,80.06999969482422,67.13999938964844,20.59000015258789,45.6120491027832,100.4449691772461,513.530029296875,932.8599853515625,141.5,769.3499755859375,209.42999267578125,58.033897399902344,161.00999450683594,49.650001525878906,103.08999633789062,58.099998474121094,171.16000366210938
2026-08-31,316.8500061035156,67.13399505615234,78.0,67.0199966430664,20.450000762939453,45.62200164794922,100.43499755859375,507.2900085449219,958.72998046875,143.69000244140625,767.0499877929688,208.82000732421875,58.003997802734375,160.5500030517578,49.66999816894531,104.87000274658203,57.709999084472656,170.5399932861328
2026-09-01,325.1300048828125,66.94999694824219,76.37999725341797,66.7699966430664,19.290000915527344,45.56999969482422,100.45999908447266,501.0199890136719,933.4400024414062,142.22999572753906,761.780029296875,207.02999877929688,57.869998931884766,159.30999755859375,49.689998626708984,105.91999816894531,57.20000076293945,171.6699981689453
2026-09-02,324.9599914550781,66.94000244140625,78.13999938964844,67.1500015258789,20.200000762939453,45.599998474121094,100.4800033569336,496.82000732421875,956.0800170898438,140.7100067138672,765.1599731445312,208.0,57.91999816894531,160.11000061035156,49.68000030517578,106.08999633789062,57.65999984741211,172.9499969482422
2026-09-03,328.2099914550781,67.0999984741211,78.75,67.47000122070312,20.940000534057617,45.61000061035156,100.5,510.1199951171875,958.1599731445312,149.74000549316406,773.1699829101562,210.33999633789062,57.970001220703125,161.75999450683594,49.72999954223633,108.41999816894531,58.560001373291016,173.25999450683594
2026-09-04,319.9700012207031,67.13999938964844,80.16999816894531,68.69999694824219,20.479999542236328,45.619998931884766,100.5199966430664,499.70001220703125,1016.5900268554688,147.9499969482422,770.1900024414062,209.82000732421875,57.93000030517578,161.72999572753906,49.72999954223633,107.13999938964844,58.099998474121094,171.4499969482422
2026-09-08,316.2200012207031,67.06999969482422,78.95999908447266,68.83000183105469,20.110000610351562,45.58000183105469,100.55000305175781,493.95001220703125,1000.260009765625,153.47000122070312,765.9600219726562,208.6300048828125,57.880001068115234,160.9199981689453,49.75,106.05000305175781,57.29999923706055,167.1300048828125
2026-09-09,315.3399963378906,66.87999725341797,78.75,68.4800033569336,20.540000915527344,45.560001373291016,100.54000091552734,491.6499938964844,1027.77001953125,147.5500030517578,762.4000244140625,207.4499969482422,57.7599983215332,159.88999938964844,49.72999954223633,105.83000183105469,57.060001373291016,166.5800018310547
2026-09-10,326.57000732421875,66.48999786376953,78.23999786376953,67.0,20.09000015258789,45.43000030517578,100.52999877929688,492.44000244140625,977.4099731445312,148.17999267578125,757.8300170898438,205.8699951171875,57.439998626708984,158.52999877929688,49.63999938964844,105.7300033569336,56.869998931884766,165.66000366210938
2026-09-11,332.2699890136719,66.47000122070312,79.91000366210938,67.83999633789062,20.260000228881836,45.41999816894531,100.58000183105469,495.6300048828125,975.260009765625,151.2100067138672,764.2899780273438,207.69000244140625,57.34000015258789,159.94000244140625,49.5,107.1500015258789,57.25,165.36000061035156
